chri;-1
hris;-1
rism;-1
ismc;-1
smcv;-1
mcve;-1
cvei;-1
veig;-1
ddqm;1
dqmq;1
qmqh;1
mqho;1
qhov;1
hovy;1
ovyx;1
vyxb;1
acxs;1
cxsa;1
xsaz;1
saz3;1
az38;1
z384;1
384j;1
84j7;1
4j7d;1
j7d6;1
7d6z;1
d6zb;1
divo;-1
ivor;-1
vorc;-1
orce;-1
rcen;-1
cene;-1
qifu;1
ifux;1
fuxg;1
uxge;1
bio3;-1
io36;-1
cari;-1
ari.;-1
ri.c;-1
i.co;-1
ut.a;-1
casa;-1
asad;-1
sade;-1
1n53;1
n53h;1
53ha;1
3hax;1
haxl;1
axl9;1
xl9q;1
l9qo;1
9qom;1
qomd;1
omd1;1
md1m;1
d1m9;1
1m90;1
m90y;1
90y5;1
0y5n;1
y5n1;1
5n1y;1
n1yc;1
1yc2;1
yc2m;1
c2m7;1
belu;-1
elur;-1
lurm;-1
urma;-1
rmat;-1
irep;-1
rep.;-1
ep.c;-1
agla;-1
glas;-1
lass;-1
asso;-1
ssof;-1
sofi;-1
ofic;-1
iclu;-1
club;-1
lub.;-1
ub.c;-1
seve;-1
even;-1
vena;-1
enat;-1
nato;-1
atom;-1
kkam;-1
kama;-1
aman;-1
mand;-0,142857142857143
ando;-1
add3;-1
dd30;-1
d300;-1
chie;1
hief;1
iefw;1
efwh;1
fwhi;1
whit;1
irbn;-1
rbne;-1
qsmw;1
smwm;1
mwmw;1
wmw2;1
mw2c;1
w2ca;1
2caw;1
caw2;1
pods;-1
odsh;-1
dshi;-1
ship;-1
hipn;-1
ipni;-1
emar;-1
mara;-1
arat;0
rata;-1
atal;-1
taly;-1
alyo;-1
lyou;-1
aheu;1
heug;1
eugp;1
ugpm;1
gpmj;1
pmjd;1
mjdn;1
jdnc;1
dncs;1
ncsw;1
csw.;1
sw.c;1
yauk;1
aukm;1
ukmg;1
kmgw;1
mgwe;1
gweo;1
weog;1
eogw;1
ogwu;1
gwua;1
wuas;1
uasm;1
19jf;1
9jf5;1
jf50;1
f509;1
509a;1
09ap;1
9apq;1
apq1;1
pq1i;1
q1i2;1
1i21;1
i21p;1
21pm;1
1pmk;1
pmkt;1
mktr;1
ktrm;1
trm4;1
rm4q;1
m4q4;1
4q4v;1
q4vp;1
1w3j;1
w3jl;1
3jl7;1
jl7u;1
l7u1;1
7u1a;1
u1a4;1
1a4y;1
a4yd;1
4ydb;1
ydbc;1
dbc1;1
bc1i;1
c1ig;1
1igr;1
igrs;1
grs2;1
rs2x;1
s2x1;1
2x16;1
x16q;1
16ql;1
6qld;1
qldt;1
toyo;-1
oyot;-1
yota;-1
ota.;-1
ta.c;-1
a.co;-1
maio;1
aior;1
iore;1
ores;1
resp;1
espu;1
spur;1
purg;1
urga;1
rgam;1
gamo;1
amor;1
mort;1
ortu;1
rtuu;1
tuus;1
uusd;1
usda;1
sdar;1
gove;1
over;1
vern;1
ernm;1
rnme;1
nmen;1
ment;0,333333333333333
entb;1
ntbr;1
tbri;1
brin;1
ring;1
ingc;1
ngcu;1
gcur;1
curv;1
urve;1
rvew;1
vewa;1
ewar;1
kige;1
igez;1
gezc;1
ezcw;1
blur;-1
lurg;-1
urgr;-1
rgro;-1
grou;-1
twod;-1
wodi;-1
odim;-1
dime;-1
imen;-1
mens;-1
ensi;-1
nsio;-1
kodi;-1
odit;-1
dit.;-1
it.c;-1
weew;1
eewh;1
ewhs;1
whsw;1
hswn;1
swns;1
46hv;1
6hvk;1
hvk0;1
vk0m;1
k0me;1
0met;1
metz;1
etzi;1
tzie;1
zieg;1
iegc;1
egc8;1
dema;1
eman;0,5
andp;1
ndpe;1
dper;1
pers;0,2
erso;1
peac;1
eace;1
acef;1
cefo;1
efor;0,6
forp;1
orpe;1
rpet;1
peti;-0,333333333333333
etit;0
titi;0
itio;0
tion;-0,2
ions;0
onsf;1
nsfr;1
sfro;1
unhp;1
nhpw;1
hpwk;1
pwkh;1
5803;-1
803b;-1
03bo;-1
3boo;-1
boot;-1
coun;0,2
ount;0,75
untr;1
ntry;1
trym;1
rymo;1
ymou;1
moun;1
unta;1
ntai;1
deer;-1
eerw;-1
erwa;0
rway;-1
way.;-1
ay.t;-1
y.tm;-1
.tma;-1
tmal;-1
spee;-1
peed;-1
eedg;-1
edgr;-1
dgra;-1
grap;-1
raph;-1
aphi;-1
phic;-1
hic.;-1
ic.c;-1
sgqg;1
gqgx;1
qgxc;1
gxct;1
xctw;1
ctww;1
twws;1
wwsp;1
wspl;1
splb;1
plbh;1
lbhm;1
bhmi;1
hmif;1
mify;1
ifyd;1
fydk;1
ydkz;1
dkzm;1
kzmj;1
zmjo;1
mjoj;1
mp3-;-1
p3-i;-1
3-in;-1
-ind;-1
indo;-1
ndon;-1
done;-1
ones;-1
nesi;-1
amsc;-1
msco;-1
scom;-1
comp;0
ompa;0,333333333333333
mpan;0,333333333333333
pany;0,333333333333333
any.;-1
ny.w;-1
y.wo;-1
.wor;-1
word;-1
ordp;-1
rdpr;-1
dpre;-1
pres;-1
buch;-1
kjip;1
jip3;1
ip32;1
p32k;1
32k6;1
2k67;1
k67x;1
67x7;1
7x76;1
x761;1
761p;1
61po;1
1po.;1
po.d;1
o.dd;1
.ddn;1
yads;-1
alms;-1
lmsh;-1
mshh;-1
shhd;-1
hhd-;-1
hd-n;-1
d-ne;-1
-new;-1
swis;-1
wiss;-1
issw;-1
sswa;-1
swat;-1
watc;-1
atch;-1
tche;-1
ches;-1
hesd;-1
esdi;-1
sdir;-1
dire;-1
irec;-1
rect;-1
ect.;-1
ct.c;-1
surf;1
urfa;1
rfac;1
face;1
aceh;1
ceha;0
ehal;1
half;1
alft;1
lfth;1
fthe;1
ther;0,636363636363636
om8u;1
m8u0;1
8u0i;1
u0ik;1
0ikm;1
ikmg;1
kmg6;1
mg64;1
live;-1
ivep;-1
vep2;-1
ep2p;-1
p2ps;-1
2pst;-1
pstr;-1
stre;-1
trea;-1
cdrd;1
drdk;1
rdkv;1
dkvd;1
apyg;1
pygs;1
ygsc;1
gsci;1
scia;1
ciah;1
iahk;1
ahky;1
payp;-1
aypa;-1
ypal;-1
pal.;-1
al.c;-1
l.co;-1
91iv;-1
navi;-1
avig;0
viga;-1
igat;-1
gato;-1
shre;-1
hrev;0
reve;-0,333333333333333
evep;-1
vepo;-1
epor;-1
port;-1
ortl;-1
guru;-1
urum;-1
psko;-1
skov;-1
kove;-1
oved;-1
jx0y;1
ezpz;-1
zpzh;-1
pzho;-1
zhos;-1
host;-1
osti;-1
stin;-1
ting;-0,5
ing.;-1
ng.c;-1
cs-i;-1
s-in;-1
-int;-1
inte;0,2
nter;0
tern;-0,333333333333333
erne;-1
rnet;-1
net-;-1
et-c;-1
t-cr;-1
-cre;-1
crea;-0,333333333333333
reat;0
eati;-1
atio;-0,6
binh;-1
inhk;-1
hubb;-1
ubbi;-1
bbit;-1
bitc;-1
itco;-1
tcoi;-1
acto;-1
cton;-1
tont;-1
onto;-1
ntoy;-1
kfmz;1
fmzi;1
mzid;1
zidw;1
idwo;1
dwog;1
wogm;1
ogmx;1
gmxs;1
mxsh;1
xshy;1
shyu;1
hyus;1
yusq;1
usqt;1
sqtw;1
qtwc;1
twch;1
wchy;1
chyl;1
hyly;1
ylyh;1
lyhh;1
puci;1
ucif;1
cift;1
iftn;1
ftnf;1
tnfk;1
nfkp;1
fkpl;1
kplc;1
plcb;1
lcbh;1
medv;-1
edve;-1
dved;-1
vedo;-1
edoo;-1
door;-1
redd;-1
eddi;-1
ddin;-1
durn;-1
urna;-1
rnan;-1
nane;-1
anew;-1
iwii;1
wiih;1
iihw;1
ihwn;1
3eea;1
eea9;1
ea94;1
a94a;1
94ad;1
4add;1
add9;1
dd9f;1
d9f0;1
muph;1
uphe;1
phea;1
heab;1
tech;-1
echn;-1
chni;-1
hnik;-1
niki;-1
ikis;-1
kist;-1
isto;-0,333333333333333
stol;-1
tola;-1
olar;-1
lars;-1
arsk;-1
rski;-1
cflq;1
flqc;1
lqcf;1
qcft;1
cftn;1
ftnj;1
tnjs;1
njsg;1
jsgu;1
sguu;1
guuk;1
bxvu;1
xvuv;1
vuvu;1
uvuh;1
vuhn;1
uhnf;1
hnfk;1
izid;-1
zide;-1
idea;0
comf;1
omfh;1
mfhl;1
fhlu;1
hlue;1
ky4y;1
y4yc;1
4yca;1
yca4;1
ca4q;1
a4qk;1
4qki;1
qkic;1
kngi;1
ngij;1
gija;1
ijas;1
jash;1
ashc;1
shcv;1
hcvm;1
cvme;1
vmel;1
melt;1
hors;-1
orse;-1
rsem;-1
sema;-1
mart;-1
art.;-1
rt.c;-1
sbw0;1
bw0g;1
w0gr;1
0gr7;1
gr72;1
r72o;1
72of;1
2ofe;1
ofe8;1
fe8e;1
e8et;1
8et7;1
et7v;1
t7v7;1
7v7v;1
v7vc;1
7vc.;1
vc.d;1
c.dd;1
meek;-1
eeka;-1
ekam;-1
amac;-1
mach;-1
achi;-1
chin;-1
hine;-1
iner;-1
halc;-1
alco;-1
lcou;-1
cour;-1
ouri;0
urie;-1
lxeo;1
xeot;1
eotb;1
otbv;1
gAXj;1
AXjw;1
XjwE;1
jwE6;1
wE6J;1
E6JT;1
osyd;1
sydl;1
ydlp;1
dlpj;1
lpjy;1
corn;0,5
orne;0,5
rner;0,5
nerp;1
erpe;1
rper;1
1e0z;1
e0zc;1
0zcp;1
zcp8;1
cp8l;1
p8l8;1
8l89;1
l898;1
898r;1
98rq;1
8rq1;1
rq1y;1
q1yn;1
1ynm;1
ynmu;1
nmuz;1
muzw;1
uzwz;1
zwzv;1
wzve;1
zvem;1
vemd;1
jzeb;1
zebi;1
vsdv;1
sdvz;1
dvzw;1
nvac;-1
vacc;-1
acce;-1
cces;-1
hero;-1
eroi;-1
roin;-1
oine;-1
inep;-1
neph;-1
epho;-1
phot;-1
hoto;-1
oto.;-1
to.b;-1
o.bl;-1
.blo;-1
blog;-1
logs;-1
ogsp;-1
gspo;-1
weca;-1
ecar;-1
care;-1
aref;-1
refo;0,5
forw;-1
orwi;-1
rwis;-1
wisc;-1
isco;-0,2
scon;-1
cons;0,6
onsi;-0,333333333333333
cjfo;1
jfol;1
folm;1
olmv;1
lmvf;1
mvfc;1
vfcw;1
fcwj;1
1m0s;1
m0sg;1
0sgh;1
sghx;1
ghx1;1
hx1r;1
x1r8;1
1r8u;1
r8ua;1
8ua9;1
ua94;1
a94i;1
94io;1
4ioj;1
ioj8;1
oj86;1
j866;1
8661;1
661v;1
61v8;1
1v85;1
v856;1
856l;1
lega;-1
egal;-1
galb;-1
albl;-1
lblu;-1
blue;-1
lueb;-1
uebo;-1
eboo;-1
mage;1
agea;1
geas;1
easa;1
theb;-0,333333333333333
heba;-1
eban;-1
bang;-1
angs;-1
ngsw;-1
gswi;-1
swit;-1
witc;-1
suzu;-1
uzuk;-1
zuki;-1
uki-;-1
ki-f;-1
i-fo;-1
-for;-1
foru;-1
orum;-1
cdan;-1
dang;-1
ange;0
male;0
ale-;-1
le-s;-1
e-sc;-1
-sca;-1
scam;-1
camm;-1
amme;0
mmer;0
brai;-1
rain;-0,333333333333333
ainy;-1
inyc;-1
nyca;-1
ycar;-1
requ;1
eque;1
ques;1
uest;0,333333333333333
estg;1
stgl;1
tglo;1
glov;1
love;-0,333333333333333
oveg;1
vegr;1
egra;1
grab;1
rabw;1
abwa;1
bwai;1
wait;1
aits;1
itst;1
tsta;1
stan;1
insi;-1
nsit;-1
site;0
ites;-1
teso;-1
esof;-1
camp;-1
ampi;-1
mpin;-1
ping;-1
ingl;-1
ngla;-1
glam;-1
lama;-1
amar;-1
mari;-1
arin;-1
kddi;-1
ddi-;-1
di-f;-1
3xuf;1
xufs;1
ufsr;1
fsrg;1
srg8;1
rg8c;1
g8ch;1
8ch5;1
ch54;1
h54y;1
54y2;1
4y2w;1
y2w0;1
2w0i;1
w0i4;1
0i41;1
i41.;1
41.d;1
1.dd;1
firs;-1
irst;-1
rst4;-1
st4l;-1
t4la;-1
4law;-1
lawy;-1
awye;-1
wyer;-1
star;-1
tart;-1
artu;-1
rtup;-1
tupn;-1
upna;-1
pnat;-1
nati;-0,5
ionc;-1
once;-1
ncen;-1
cent;-1
entr;-1
ntra;-1
taro;-1
arot;-1
rotg;-1
otgu;-1
tgui;-1
guid;-1
uide;-1
ider;0
dern;-1
ce49;1
e49b;1
49ba;1
9ba2;1
ba29;1
a29c;1
29cc;1
9ccd;1
ccd6;1
hono;1
onoh;1
noho;1
ohok;1
yedi;-1
edi2;-1
di24;-1
i24i;-1
24il;-1
4ila;-1
wico;-1
icow;-1
cowo;-1
owor;-1
worl;-1
agik;1
gika;1
ika0;1
ka0q;1
a0q4;1
0q4e;1
q4eo;1
4eoe;1
amre;-1
mres;-1
resu;-1
esup;-1
supp;-1
uppl;-1
bpmp;1
pmpf;1
mpfn;1
pfna;1
fnag;1
nagt;1
agtc;1
gtcd;1
tcdm;1
cdmu;1
dmuu;1
anad;-1
nado;-1
adol;-1
dolu;-1
olui;-1
luis;-1
uisr;-1
isre;-1
sreh;-1
rehb;-1
ehbe;-1
hber;-1
youc;-1
ouca;-1
ucan;-1
canb;-1
anbr;-1
nbra;-1
bran;-1
ihky;1
hkyp;1
kypc;1
ypcm;1
pcms;1
cmsr;1
msrk;1
srkr;1
rkrt;1
krt1;1
rt10;1
t10t;1
10tf;1
0tfp;1
tfpd;1
fpd8;1
pd8p;1
d8px;1
8px3;1
px38;1
x38o;1
enbr;-1
nbre;-1
ngir;-1
giri;-1
irir;-1
rira;-1
vide;-0,666666666666667
ideo;-1
deos;-1
eosc;-1
oscr;-1
scri;0
crip;-1
ript;-1
iptd;-1
ptde;-1
tdem;-1
atte;0
ttes;-1
test;-0,333333333333333
esta;-1
staz;-1
tazi;-1
azio;-1
zion;-1
sout;-1
outh;-1
utht;-1
thte;-1
htee;-1
tees;-1
ees.;-1
es.n;-1
s.nh;-1
rese;-1
esep;-1
sepm;-1
epma;-1
pmas;-1
masa;-1
asak;-1
saka;-1
akan;-1
kank;-1
anku;-1
heal;-1
ealt;-1
alth;-1
lthy;-1
thya;-1
hyam;-1
yame;-1
amer;-1
meri;-1
eric;-1
rica;-1
ican;-1
affi;-1
ffil;-1
fili;-1
ilia;-1
liat;0
iate;-1
atew;-1
tewo;-1
ewor;-1
orld;-1
rldc;-1
ldco;-1
dcon;-1
conf;-1
onfe;-1
nfer;-1
fere;-1
eren;0
renc;-1
ence;-1
eiph;1
ipht;1
phtk;1
ecof;-1
cofr;-1
ofri;-1
frie;-1
rien;-1
iend;-1
endl;-1
tfpe;1
fpea;1
peav;1
eave;1
wixc;1
ixca;1
xcai;1
caik;1
aikt;1
ikti;1
ktig;1
tige;1
auto;-1
utor;-1
tore;-1
orei;-1
reif;-1
eife;-1
ifen;-1
fen-;-1
en-k;-1
n-ka;-1
-kau;-1
kauf;-1
aufe;-1
xJtL;1
JtLk;1
tLkS;1
LkSc;1
kScm;1
ScmP;1
aaku;1
akuy;1
kuyk;1
uyke;1
ykeg;1
kega;1
egaq;1
gaqc;1
aqcm;1
qcmo;1
cmos;1
mosw;1
erea;-1
read;-1
eade;-1
ader;-1
der-;-1
er-s;-1
r-st;-1
-sto;-1
stor;-0,6
pupy;1
upyb;1
pybu;1
voly;1
olyq;1
lyqa;1
flem;1
lemc;1
emcb;1
mcbk;1
cbkl;1
bklb;1
klbn;1
lbnb;1
bnbe;1
nbea;1
beaf;1
eafm;1
aage;1
agen;0
genf;1
enfj;1
puzy;1
uzyl;1
zyly;1
bkmk;-1
kmki;-1
mkit;-1
kita;-1
book;-1
ooke;-1
oker;-1
kers;-1
ersi;-1
rsit;-1
fplu;1
plut;0
luto;0
utod;0
todi;0
odis;0
dist;1
ista;1
tant;1
anta;-0,333333333333333
ntav;1
tava;1
avai;1
vail;1
aila;1
ilab;1
labl;1
pinb;-1
inba;-1
nbal;-1
q8ac;1
8acy;1
acy8;1
cy82;1
y82w;1
82wq;1
2wqw;1
wqw6;1
egbm;1
gbmb;1
bmbd;1
mbde;1
bech;-1
echt;-1
chte;-1
evas;-1
vasi;-1
asi0;-1
mpvo;1
pvop;1
vopi;1
opim;1
pimf;1
imft;1
mftt;1
fttw;1
ttww;1
twwl;1
wwlf;1
wlfr;1
lfrb;1
frbd;1
rbdm;1
airi;1
iril;1
rilm;1
f52f;1
52f5;1
2f52;1
f52n;1
52n1;1
2n10;1
n10i;1
10ix;1
0ixa;1
ixa3;1
xa37;1
a37a;1
37ax;1
7axp;1
axpq;1
xpqm;1
pqms;1
qmsk;1
mskx;1
skxe;1
kxes;1
xesd;1
esdx;1
sdxg;1
dxg6;1
xg63;1
g63o;1
63or;1
3orj;1
orj5;1
rj56;1
j56l;1
56lq;1
6lqd;1
mahr;-1
ahru;-1
hrus;-1
rus-;-1
us-n;-1
s-ne;-1
-net;-1
net.;-1
et.b;-1
t.bl;-1
esha;-1
shan;-1
hang;0
angh;-1
ngha;-1
kmom;1
momw;1
omw2;1
mw2o;1
w2o2;1
2o2k;1
o2k6;1
2k6s;1
mera;-1
eran;-1
rana;-1
anat;-1
kkde;1
kdeb;1
debk;1
ebkn;1
bkne;1
knem;1
nemf;1
emfn;1
mfnd;1
fndm;1
ndml;1
dmlb;1
qeky;1
ekyq;1
kyqo;1
31b4;1
1b4b;1
b4bd;1
4bd3;1
bd31;1
d31f;1
31fg;1
1fg1;1
fg1x;1
yeni;-1
enio;-1
niok;-1
ioku;-1
dial;-1
iala;-1
alan;-1
lane;-1
aner;-1
nerd;-1
erd.;-1
rd.c;-1
inde;0
ndex;-1
dex.;-1
ex.o;-1
x.or;-1
qpe0;1
mobi;-1
obis;-1
bist;-1
isty;-1
styl;-1
ieco;-1
econ;0
cono;-1
onom;-1
nomi;-1
omic;-1
senu;-1
enut;-1
pasv;-1
asve;-1
svei;-1
wapd;-1
apdo;-1
pdoz;-1
clea;1
lean;1
eanw;1
anwh;1
nwhi;1
ital;-1
tali;-1
alie;-1
liea;-1
ieap;-1
eapa;-1
apar;-1
pari;-1
avio;-1
vion;-1
ioni;-1
onic;-1
mico;-1
zxah;1
xahe;1
ahes;1
hest;0
estn;1
stne;1
tnes;1
ness;0,7
essb;1
ssbi;1
sbio;1
biop;1
ioph;1
ophy;1
phys;1
hysi;1
ysic;1
sica;1
ical;0,888888888888889
calo;1
aloh;1
loha;1
hype;-1
yper;0
ersp;-1
rspi;-1
iuhq;1
uhqh;1
hqhb;1
qhbm;1
answ;1
nswe;1
swer;1
werr;1
erra;1
rrac;1
race;1
acer;1
cere;1
eref;1
refl;1
efle;1
flec;1
lect;0
ectd;1
ctdu;1
tdum;1
dump;1
umps;1
mpsu;1
psum;1
summ;1
umme;1
kewe;-1
ewee;-1
ween;-1
eena;-1
enaw;-1
nawr;-1
awre;-1
wrep;-1
repo;-1
gfkm;-1
adel;-1
dela;-1
elam;-1
lami;-1
amic;-1
mich;-1
vvbv;1
vbva;1
bvaf;1
kypq;1
ypqb;1
pqbq;1
qbqh;1
bqhr;1
qhrh;1
hrhu;1
rhuj;1
hujq;1
ujqo;1
jqos;1
qosl;1
osl6;1
sl68;1
l68n;1
68n1;1
8n10;1
n10o;1
10ox;1
0oxc;1
oxcz;1
xczm;1
czmz;1
zmzj;1
mzjs;1
zjsk;1
jskx;1
skxf;1
kxfy;1
xfyo;1
fyo2;1
cook;-1
ookb;-1
okbo;-1
kboo;-1
ook-;-1
andm;1
ndmo;1
dmor;1
morn;1
orni;1
rnin;1
just;-1
ustc;-1
stch;-1
chel;-1
hels;-1
else;-1
fffd;1
ffdb;1
fdbm;1
dbmm;1
bmme;1
mmel;1
meld;1
eldb;1
ldbe;1
dbec;1
becb;1
ecba;1
hdob;1
dobl;1
oblq;1
blqn;1
lqnv;1
qnva;1
jobm;-1
obme;-1
bmeu;-1
them;0
heme;-1
emel;-1
melo;-1
eloc;-1
loca;-1
ocat;-1
cati;-1
cayk;-1
ayku;-1
ykur;-1
kurs;-1
ursa;-1
rsat;-1
sati;-1
ecto;-1
tonl;-1
onli;-1
nlin;-1
line;-1
inei;-1
nein;-1
eins;-1
insu;-1
nsur;-1
sura;-1
uran;-1
ranc;-1
azyr;-1
zyru;-1
yrus;-1
rust;-1
usth;-1
sthe;0
lear;1
ears;1
arsw;1
rswe;1
swee;0,5
lgth;1
gthn;1
thnx;1
hnxr;1
make;-1
ake-;-1
ke-d;-1
e-di;-1
-dig;-1
digi;-1
igit;-1
gita;-1
awrt;1
wrti;1
rtik;1
tikd;1
ikdd;1
kddm;1
ddmv;1
dmvf;1
mvfy;1
vfyr;1
fyrj;1
yrjv;1
rjvr;1
jvra;1
vrap;1
qhnb;1
hnbp;1
nbpi;1
oecm;1
ecmo;1
cmo2;1
mo2s;1
o2si;1
2si0;1
si02;1
i02g;1
gwgw;1
wgwe;1
gwea;1
weak;1
eaks;1
aksh;1
kshk;1
shka;1
hkax;1
kaxn;1
axnq;1
myad;-1
yadv;-1
adve;-1
dven;-1
vent;0
entu;-1
ntur;-1
ture;-1
ures;-1
rest;-1
esto;0
bkca;1
kcaz;1
cazu;1
azuc;1
zucu;1
zq9z;1
q9zs;1
9zsh;1
zsh9;1
sh93;1
h93k;1
93km;1
3km4;1
km44;1
m44g;1
44gn;1
4gn2;1
gn22;1
n22c;1
22c9;1
2c96;1
c961;1
961y;1
61yr;1
1yr8;1
clos;-1
lose;-1
oset;-1
setc;-1
etco;-1
tcon;-1
nfec;-1
fect;-1
ecti;-1
ctio;-1
mult;1
ulti;1
ltit;1
titu;1
itud;1
tude;1
udec;1
decr;1
ecro;1
crow;1
rown;1
ownb;1
wnby;1
nbyh;1
byha;1
yhav;1
hall;-0,333333333333333
allo;-1
llow;-1
lowe;0
owee;-1
enal;-1
nall;-1
alle;-1
clic;-1
licr;-1
icrd;-1
wmak;-1
seom;-1
eoma;-1
oman;-1
mani;-1
utos;-1
tose;-1
oser;-1
serv;-0,5
erve;-1
tugq;1
ugqo;1
gqof;1
qofu;1
mate;-1
atem;-1
tema;-1
emat;-1
mati;-1
atik;-1
tika;-1
gtxh;-1
txhd;-1
xhdg;-1
hdga;-1
dgam;-1
game;-1
guuh;1
uuht;1
uhtq;1
htql;1
tqlh;1
qlhv;1
lhvx;1
hvxc;1
vxcp;1
cumo;-1
umon;-1
monb;-1
onbi;-1
nbig;-1
bigt;-1
igti;-1
gtit;-1
gisa;1
isaw;1
saw6;1
aw6w;1
w6wa;1
6wa4;1
wa4e;1
a4e0;1
5i2b;1
i2bx;1
2bxd;1
bxdf;1
xdfa;1
dfar;1
farm;1
armc;1
rmcj;1
mcje;1
cje3;1
je3p;1
lrxs;1
rxsa;1
xsaw;1
sawe;1
awet;1
wetc;1
etct;1
tctl;1
ctlr;1
tlri;1
lriy;1
riyn;1
iyna;1
hith;1
ithe;1
hert;1
erth;1
rthe;0,6
here;1
erei;1
rein;1
einl;1
inli;1
nlib;1
libe;1
iber;1
bert;1
slim;-1
lims;-1
imsp;-1
mspr;-1
spre;-1
esen;-1
sent;-1
wqhn;1
qhnh;1
hnhs;1
nhsr;1
hsrp;1
srpq;1
moto;-1
otor;-1
tor4;-1
or4i;-1
afwk;1
fwke;1
wkek;1
kekb;1
ekbg;1
hetz;-1
etzn;-1
tzne;-1
zner;-1
ner-;-1
-sta;-1
stat;-0,333333333333333
tatu;-1
hope;1
oped;0
peda;1
edam;1
dama;1
amag;1
aget;1
geth;1
ethi;1
thin;-0,333333333333333
hink;0
inkd;1
nkdi;1
kdis;1
disc;0
scou;-0,333333333333333
untt;1
ntth;1
tthi;1
wshp;1
shpk;1
hpkh;1
pkhr;1
khru;1
lack;1
ackl;1
ckli;1
klif;1
lift;1
iftp;1
ftpa;1
tpar;1
part;0,333333333333333
artn;0
rtne;0,333333333333333
tner;0
nerc;1
erca;0
rcas;1
cash;0
shca;1
hcas;1
case;1
aseg;1
segr;1
grad;1
etqv;1
tqvi;1
qviv;1
vive;1
iven;0
enti;1
ntib;1
tibu;1
ibus;1
busa;1
usar;1
vvu.;-1
vu.e;-1
u.ed;-1
toka;-1
okai;-1
kair;-1
aira;-1
irad;-1
radi;-1
adio;-1
dio.;-1
io.c;-1
weka;1
ekae;1
kaes;1
aest;1
maco;-1
acoz;-1
coze;-1
ozet;-1
zeti;-1
etiv;-1
tivi;-1
ivid;-1
deom;-1
eom.;-1
om.b;-1
m.bl;-1
spot;-1
pot.;-1
ot.c;-1
t.co;-1
wren;-1
ench;-1
nchm;-1
chmo;-1
hmon;-1
monk;-1
onke;-1
nkee;-1
andw;1
ndwi;1
dwit;1
with;1
ithy;1
thyw;1
hywi;1
ywil;1
will;1
illp;1
llpr;1
lpro;-0,333333333333333
prod;-0,5
rodu;-0,5
oduc;-0,5
duct;-0,5
ucts;0
ctsc;1
tsco;1
scod;1
plan;-1
lant;-1
antu;-1
visu;-1
isua;-1
sual;-1
uale;-1
alea;-1
elec;-1
ectr;-1
ctri;-1
tric;-1
calp;-1
alpr;-1
cts.;-1
ts.c;-1
s.co;-1
fate;-1
ate-;-1
te-g;-1
good;-1
oodo;-1
odon;-1
dony;-1
onyo;-1
nyou;-1
you.;-1
ou.o;-1
u.or;-1
eart;1
arth;-0,333333333333333
ozka;-1
zkar;-1
rhub;-1
huba;-1
ubar;-1
barb;-1
arba;-1
rbar;-1
bari;-1
aria;-1
rian;-1
cgcj;-1
gcja;-1
cjap;-1
japa;-1
apan;-1
pan.;-1
an.c;-1
ozon;-1
zone;-1
onet;-1
et.c;-1
haoc;-1
aoco;-1
ocod;-1
code;-1
spor;-1
orti;-1
rtiv;-1
tive;-0,5
ive.;-1
ve.c;-1
e.co;-1
sns-;-1
ns-p;-1
s-pa;-1
-par;-1
pro-;-1
ro-n;-1
o-ne;-1
netw;-0,5
etwo;-0,5
twor;-0,5
work;-1
roid;-1
oido;-1
reci;-1
ecit;-1
cita;-1
fb2m;-1
b2mp;-1
bqve;1
qvec;1
vecp;1
ecpm;1
ksix;1
sixs;1
ixsi;1
xsin;1
sinp;1
inpo;1
npok;1
pokm;1
okme;1
laws;1
awsg;1
wsgo;1
sgov;1
ents;0
ntss;1
tsst;1
ssta;1
tand;1
andi;0
ndin;1
atpt;-1
tptu;-1
ptur;-1
turb;-1
mysm;-1
ysma;-1
smar;-1
thea;-1
pron;-1
rono;-1
onos;-1
nost;-1
stic;-0,333333333333333
hasa;1
asan;1
sanr;1
anra;1
nraw;1
raww;1
ieff;1
effv;1
ffvb;1
fvbc;1
vbcj;1
bcji;1
cjit;1
pujy;1
ujyj;1
jyja;1
qfmr;1
fmrm;1
mrmz;1
rmzg;1
qds1;1
ds1g;1
s1g7;1
1g7x;1
g7xh;1
7xhh;1
xhh8;1
hh83;1
h83l;1
83l1;1
3l1f;1
l1fr;1
1fra;1
frai;1
rai5;1
ai5d;1
i5d1;1
5d1k;1
d1kz;1
1kzj;1
kzjm;1
zjmo;1
e9wf;1
9wfn;1
wfnu;1
fnu2;1
nu20;1
u20n;1
20ns;1
0nsp;1
nspn;1
spn1;1
pn1a;1
n1aq;1
1aq4;1
aq4z;1
q4zj;1
4zjy;1
zjyb;1
jybw;1
ybwy;1
bwyu;1
wyu3;1
kont;-1
onta;0
ntak;-1
takt;-1
akt-;-1
kt-l;-1
t-li;-1
-lin;-1
lins;-1
inse;-1
nsen;-1
sen-;-1
en-1;-1
n-12;-1
alll;1
llla;1
llaw;1
awst;1
wsth;1
theh;1
hehe;1
ehea;-0,333333333333333
heag;1
eage;1
ages;0,333333333333333
gesu;1
esus;1
susu;1
usur;1
surp;1
urpa;1
rpat;1
pati;1
vhki;1
hkin;1
kint;1
intj;1
ntjt;1
tjtk;1
jtks;1
tksy;1
ksyx;1
syxg;1
yxgj;1
xgjr;1
gjrz;1
ener;-1
nerg;-1
ergi;-1
rgic;-1
aree;-1
reer;-1
eerc;-1
erce;0
ente;-1
vwpr;1
wprl;1
prlv;1
rlvv;1
lvvo;1
vvos;1
cmbd;1
mbdk;1
bdku;1
dkus;1
kusd;1
usdm;1
ame2;-1
me2d;-1
e2da;-1
eqqn;1
qqng;1
kvby;1
vbyv;1
byvj;1
yvjl;1
vjlb;1
flag;-1
lagh;-1
agho;-1
ghou;-1
hous;-1
denl;-1
enlo;-1
nlor;-1
lors;-1
orst;-1
rsto;-1
stoo;0
tool;-1
dwzs;1
wzso;1
zsot;1
sotb;1
otba;1
tbai;1
bair;1
aird;1
irdt;1
rdts;1
dtsi;1
tsim;1
simr;1
imrd;1
mrdp;1
rdpz;1
dpzb;1
pzbq;1
zbqb;1
bqbp;1
smmy;1
mmyu;1
myuh;1
yuhx;1
uhxl;1
pesw;1
eswr;1
swrq;1
wrqr;1
rqrm;1
qrme;1
hamm;1
mmea;1
mear;1
earq;1
arqa;1
em4p;1
m4pg;1
4pgr;1
pgrp;1
grpa;1
rpag;1
pago;1
agox;1
goxz;1
oxzs;1
xzsh;1
zsht;1
cinf;-1
pina;-1
inak;-1
naki;-1
akid;-1
kidi;-1
idig;-1
gcxc;1
cxcg;1
xcgf;1
cgfs;1
gfsf;1
fsfb;1
sfbn;1
artm;-1
rtma;-1
tman;-1
man2;-1
pala;-1
alac;-1
muva;-1
chia;-1
hias;-1
iase;-1
asem;-1
semi;-1
emil;-1
mill;-1
illa;-1
ofre;0
fref;1
refu;1
efus;1
fuse;1
used;1
sedu;1
edun;1
dunf;1
unfi;1
nfit;1
fiti;1
itin;1
tint;0
inth;0
nthe;0
hxiw;1
xiwu;1
iwup;1
wupw;1
upwm;1
pwmc;1
wmce;1
mcez;1
cezq;1
ezqu;1
zqut;1
quti;1
utij;1
grup;-1
rupp;-1
uppo;-1
ppoc;-1
poca;-1
catt;-1
atto;-1
ttol;-1
toli;-1
olic;-1
weba;-1
ebad;-1
10di;-1
0dir;-1
ctor;-1
7lgr;1
lgrq;1
grq2;1
rq2i;1
q2i2;1
2i23;1
i23l;1
23l7;1
3l7d;1
l7d5;1
7d54;1
d541;1
5416;1
4167;1
1672;1
6727;1
727l;1
27lq;1
7lqb;1
lqbi;1
qbi.;1
bi.d;1
i.dd;1
infi;-1
nfin;-1
fini;-1
init;0
nitu;-1
itus;-1
tus.;-1
us.c;-1
dzrt;1
zrts;1
rtsp;1
tsp1;1
sp18;1
p18r;1
18r1;1
8r10;1
r103;1
1031;1
031c;1
31cb;1
1cbc;1
cbcv;1
bcvp;1
cvpk;1
vpky;1
pkyg;1
kyg8;1
yg88;1
g88t;1
djnd;1
arte;-1
rtes;-1
tesa;-1
esan;0
sana;-1
bnyq;1
nyqr;1
yqrs;1
qrsp;1
rspp;1
sppy;1
ppyj;1
pyjp;1
erpl;1
rple;1
plea;1
leas;1
w74h;1
wtlx;1
tlxq;1
lxqe;1
xqek;1
qeka;1
ekak;1
kakn;1
akns;1
knsq;1
nsqh;1
sqhc;1
napl;1
apld;1
pldd;1
lddj;1
ddjq;1
djqy;1
solu;-1
olut;-1
luti;-1
utio;-0,333333333333333
iono;-1
onof;-1
nofe;-1
ofer;-1
ferr;-1
erro;-1
1zyY;1
zyYi;1
yYiz;1
Yizy;1
izy9;1
zy92;1
phdx;1
hdxe;1
dxes;1
xest;1
grow;-1
rowf;-1
owfo;-1
wfor;-1
fora;-1
orag;-1
rage;-1
agec;-1
geco;0
ecoo;-1
ookf;-1
okfe;-1
kfer;-1
ferm;-1
erme;-1
rmen;-1
hujb;1
ujbi;1
jbip;1
bipv;1
ipvk;1
pvkz;1
vkzj;1
kzjf;1
zjfm;1
jfmz;1
fmzc;1
mzci;1
zciv;1
civw;1
ivwi;1
vwiz;1
wizq;1
izqc;1
zqcl;1
qclt;1
qvzv;1
vzvo;1
zvo1;1
vo1k;1
o1kj;1
1kjx;1
kjxt;1
jxt0;1
xt0a;1
t0a1;1
0a1g;1
a1g3;1
1g3m;1
g3ma;1
3ma2;1
ma2k;1
a2k4;1
2k42;1
k42g;1
42gv;1
2gv1;1
stra;-1
tray;-1
raya;-1
ayas;-1
yasf;-1
asfm;-1
sfm.;-1
fm.t;-1
m.tu;-1
.tum;-1
tumb;-1
umbl;-1
s23d;1
23dm;1
3dmt;1
dmts;1
mtsd;1
tsd5;1
sd5n;1
d5ng;1
5ngv;1
ngvw;1
gvw4;1
vw4e;1
w4e0;1
4e0u;1
e0uf;1
0ufs;1
ufs.;1
fs.d;1
s.dd;1
gasp;-1
aspa;-1
spar;-1
pard;-1
arde;-1
rdet;-1
detz;-1
etzo;-1
ostw;-1
stwa;-1
howi;-1
owie;-1
wiea;-1
iear;-1
earn;-1
arnm;-1
rnmo;-1
nmon;-1
mone;-1
oney;-1
neyo;-1
eyon;-1
yonl;-1
none;1
oneh;1
nehg;1
ehgd;1
hgde;1
gdem;1
demx;1
emxx;1
yell;-1
ello;-1
lowu;-1
owus;-1
educ;-1
duca;-1
ucat;-1
cato;-1
ator;-1
tori;-1
orin;-1
rinn;-1
inno;-1
nnov;-1
nova;-1
ovat;-1
vato;-1
hack;-1
acks;-1
cksp;-1
kspi;-1
dgvc;-1
bbsg;1
bsgd;1
sgds;1
gdsb;1
dsbw;1
sbwo;1
bwob;1
wobb;1
lpag;1
page;1
gest;1
medi;-1
edic;-1
dici;-1
icin;-1
cine;-1
ines;-1
nesw;-1
eswi;-1
swik;-1
eter;-1
terf;-0,333333333333333
erfu;-1
rfun;-1
meiy;-1
eiyi;-1
iyin;-1
open;-1
pens;-1
enst;-1
nstr;-1
tree;-1
reet;-1
eetm;-1
etma;-1
u3kt;1
3ktr;1
ktr4;1
tr4w;1
r4wc;1
4wc4;1
wc4b;1
c4be;1
4beb;1
bebs;1
ebs7;1
bs7x;1
mozq;1
ozqi;1
zqiw;1
qiwe;1
zfep;1
sear;-1
earc;-1
arch;0
rcht;-1
chta;-1
htag;-1
tags;-1
agsl;-1
gsli;-1
slis;-1
dlwa;1
lwae;1
waes;1
vcpx;1
cpxj;1
pxji;1
xjiu;1
jiut;1
iutj;1
utjf;1
tjfd;1
jfdm;1
fdmf;1
divu;-1
ivul;-1
vulg;-1
ulga;-1
lgac;-1
gaca;-1
acao;-1
caob;-1
aobb;-1
obb.;-1
bb.c;-1
b.co;-1
geek;-1
eekl;-1
ekly;-1
klyn;-1
lyne;-1
ynew;-1
news;-1
ewsg;-1
wsga;-1
sgaz;-1
gaze;-1
azet;-1
zett;-1
bowj;1
owjj;1
wjjx;1
jjxx;1
jxxn;1
xxnh;1
xnhk;1
nhky;1
hkyv;1
kyvy;1
yvyg;1
zzwz;1
zwzz;1
wzzq;1
zzqm;1
zqmi;1
qmih;1
mihk;1
ihkf;1
hkfd;1
kfde;1
fdev;1
devy;1
evym;1
cszo;1
szod;1
zodp;1
odpq;1
dpqc;1
lr5k;1
r5k9;1
5k97;1
k97w;1
97w4;1
7w4b;1
w4bi;1
4bip;1
bip1;1
ip1m;1
p1mj;1
1mjx;1
axcb;1
xcbc;1
cbcp;1
bcp5;1
cp5b;1
p5bs;1
5bsb;1
bsb5;1
sb5p;1
b5p7;1
5p7t;1
p7ta;1
7ta0;1
ta0y;1
a0yn;1
0ynm;1
ynmd;1
nmdu;1
mdur;1
dur3;1
ur3.;1
r3.d;1
3.dd;1
prop;-1
ropr;-1
opro;-1
prom;-1
kath;-1
athr;-1
thry;-1
hryn;-1
ryns;-1
ynsr;-1
nsre;-1
srep;-1
rubc;-1
ubca;-1
bcap;-1
capi;-1
apit;-1
pita;-1
cnzz;1
nzzn;1
zznf;1
znfa;1
nfae;1
faey;1
aeyq;1
eyqj;1
yqjb;1
qjbg;1
jbgc;1
bgcp;1
gcpi;1
reme;1
emen;1
menq;1
enqn;1
nqnh;1
qnhe;1
kbbq;1
bbqi;1
bqiu;1
qiud;1
iudk;1
udky;1
dkyy;1
kyyf;1
yyff;1
yffm;1
ffme;1
labi;-1
abic;-1
bici;-1
icia;-1
ciaz;-1
iazu;-1
eakv;1
akve;1
kvey;1
veyd;1
eydn;1
ydnl;1
dnlb;1
nlbn;1
lbnn;1
bnnr;1
nnre;1
nrem;1
sean;-1
eand;0,333333333333333
ndol;-1
doli;-1
olin;-1
lina;-1
yrmd;1
rmdi;1
mdix;1
dixi;1
ixi2;1
xi23;1
i23h;1
23hi;1
3hid;1
hida;1
ida0;1
da01;1
a01b;1
01bi;1
1bip;1
bip7;1
ip76;1
p76u;1
76ub;1
6ubq;1
ubq.;1
bq.d;1
q.dd;1
qadq;1
adqf;1
dqfc;1
qfcv;1
fcvw;1
cvwz;1
vwz5;1
wz5m;1
z5ml;1
5ml3;1
ml3v;1
l3v0;1
vowa;1
owan;1
wanw;1
anwe;1
free;-0,333333333333333
reek;-1
eekd;-1
ekdo;-1
kdow;-1
down;-1
ownl;-1
wnlo;-1
nloa;-1
obst;1
bstr;1
stru;1
truc;1
ruct;1
ucti;1
ctin;1
ingo;1
ngot;1
goth;1
othe;1
hers;1
ersr;1
rsri;1
srig;1
righ;1
ight;0,6
bmal;1
alec;1
lecc;1
eccf;1
ccfd;1
cfdb;1
fdba;1
dbaf;1
bafd;1
afdd;1
fddl;1
fina;-1
inal;-1
nalr;-1
alri;-1
lric;-1
omni;1
mniu;1
nium;1
iumo;1
umom;1
momn;1
omne;1
mnes;1
nest;1
este;1
stem;1
temp;1
empo;1
mpor;1
kdok;1
dokr;1
okru;1
kruv;1
ruvn;1
uvnk;1
vnkk;1
nkko;1
wmdo;-1
mdol;-1
doll;-1
knor;-1
weet;-1
eetn;-1
etno;-1
tnot;-1
noth;-1
othi;-1
hing;-1
ings;-1
ngsn;-1
gsny;-1
kkxb;1
kxby;1
xbyo;1
byol;1
yolx;1
sup3;-1
up3r;-1
p3rj;-1
3rju;-1
rjun;-1
juni;-1
unio;-1
gqqa;1
qqae;1
qaek;1
aekw;1
ekwe;1
kwea;1
weag;1
eago;0
agoi;1
goiy;1
oiyo;1
iyoi;1
roho;1
ohof;1
hofu;1
ofux;1
qwvp;1
wvpp;1
vppu;1
ppuv;1
puvw;1
uvwm;1
xuof;1
uofc;1
ofce;1
fceq;1
ceqi;1
eqid;1
qidw;1
idwa;1
dway;1
wayw;1
aywj;1
ywja;1
wjak;1
cho-;-1
ho-t;-1
o-to;-1
dfrf;1
frfb;1
rfbr;1
fbrn;1
thes;-1
stac;-1
hcbd;1
cbdc;1
bdce;1
dcey;1
ceyv;1
eyvf;1
yvft;1
vftu;1
pkpk;1
kpkf;1
pkfs;1
kfss;1
fsso;1
ssop;1
sopa;1
opaq;1
paqv;1
aqvc;1
qvcf;1
vcfe;1
cfev;1
fevo;1
evox;1
llsx;1
lsxl;1
sxlh;1
xlhy;1
lhyv;1
hyvl;1
yvls;1
vlsk;1
veow;1
eowi;1
owic;1
wick;1
deav;1
eavi;1
vigo;1
coop;-1
oope;-1
oper;-1
perp;-1
erph;-1
rpha;-1
phar;-1
harm;-1
umcu;1
mcue;1
cues;1
qnmh;1
nmht;1
taxr;-1
axre;-1
xres;-1
esea;-1
ys2g;1
s2gu;1
2gug;1
gugi;1
ugig;1
gigm;1
igms;1
gmsq;1
toth;1
thec;1
heco;1
onst;1
nsti;1
stit;1
itut;1
tuti;1
onsu;1
nsuc;1
hdwa;-1
dwal;-1
wall;-0,333333333333333
allp;-1
llpa;-1
lpap;-1
pape;-1
aper;-1
rsin;-1
stea;-1
teal;-1
ealm;0
almy;-1
lmyb;-1
mybu;-1
ybus;-1
busi;-1
usin;-1
sine;-1
loja;-1
ojak;-1
jakm;-1
akmd;-1
kmde;-1
mdev;-1
deva;-1
evan;-1
vant;-1
ntag;-1
tage;-1
gens;-1
ens.;-1
ns.c;-1
bdkr;-1
dkri;-1
kris;-1
rish;-1
ishi;-1
shin;-1
inew;-1
1nt1;1
nt1i;1
t1iq;1
1iqy;1
iqye;1
qye8;1
ye80;1
e80z;1
80zf;1
0zfy;1
zfyg;1
fyg6;1
yg6s;1
g6sj;1
6sj5;1
sj5o;1
j5o4;1
5o4a;1
o4as;1
4as9;1
as9w;1
itea;1
teav;1
eavo;1
avoi;1
void;1
oidp;1
idpe;1
perf;0
erfo;1
rfor;1
form;0,333333333333333
ormw;1
rmwa;1
mwak;1
wake;1
akes;1
kese;1
eser;1
ervi;0
rvic;0
3b15;1
b15d;1
15df;1
5df5;1
df57;1
f577;1
5773;1
773e;1
73e4;1
eyvi;1
yvid;1
vidv;1
idvn;1
dvno;1
vnoa;1
noau;1
oauy;1
auyp;1
uypj;1
ypje;1
pjem;1
jemv;1
asle;-1
slex;-1
lexp;-1
expr;-1
xpre;-1
xink;-1
inke;-1
nken;-1
kenw;-1
enwe;-1
chup;-1
hupa;-1
upad;-1
pada;-1
adas;-1
dasy;-1
asyf;-1
syfo;-1
yfol;-1
foll;-1
olla;-1
llad;-1
lada;-1
dtch;1
tchy;1
chyy;1
hyyi;1
yyin;1
yins;1
insg;1
nsgo;1
sgow;1
gowc;1
owcl;1
info;-1
nfof;-1
fofr;-1
ofra;-1
fran;-1
anch;-1
nchi;-1
chis;0
hisi;-1
isin;0
klrb;1
lrbv;1
rbvj;1
bvjt;1
inve;0
nves;0
vest;0,333333333333333
esti;1
tich;1
icha;1
chap;1
hapl;1
aplf;1
plfe;1
lfew;1
fewt;1
ewth;1
wthe;1
thed;1
hedi;1
ediv;1
divi;1
tnee;1
nees;1
eest;1
like;-1
ike-;-1
ke-m;-1
e-ma;-1
-ma.;-1
ma.b;-1
a.bl;-1
rina;-1
ina.;-1
na.o;-1
a.or;-1
ghpf;1
hpfb;1
pfbc;1
fbcu;1
vhqj;1
hqjr;1
qjru;1
jruc;1
rucx;1
ucxs;1
amep;-1
mepl;-1
epla;-1
orej;-1
reje;-1
ejex;-1
jext;-1
exte;-1
xten;-1
tens;-1
sion;-0,5
prqn;1
rqnd;1
qndn;1
ndnv;1
dnvi;1
nvin;1
vind;1
sell;-1
cpmj;1
pmjp;1
mjpn;1
jpnw;1
pnwd;1
nwdg;1
wdgb;1
dgbx;1
gbxy;1
bxyy;1
xyyq;1
cr-h;-1
r-ho;-1
-hot;-1
hote;-1
driv;-1
rive;-1
iver;-1
vers;-1
ersc;-1
rsca;-1
scap;-1
vasz;1
aszh;1
szht;1
zhtk;1
htkh;1
tkhl;1
nmem;1
memh;1
emhs;1
mhso;1
hsou;1
souh;1
romo;-1
omot;-1
moti;-1
otio;-1
iona;-0,333333333333333
onal;-1
nals;-1
alsp;-1
lspa;-1
spac;-1
doma;-1
omai;-1
main;-1
aing;-1
inga;-1
ngat;-1
gate;-1
tewa;-1
ylkb;1
lkbp;1
kbpb;1
bpbh;1
pbhu;1
bhug;1
hugo;1
ugoy;1
goyz;1
oyzx;1
yzxy;1
zxyb;1
xybk;1
qika;1
ikaj;1
kaje;1
ajei;1
1pvb;1
pvbd;1
vbd8;1
bd83;1
d831;1
831h;1
31h3;1
1h3u;1
h3ub;1
3ubd;1
ubdm;1
bdma;1
dmac;1
mac9;1
ac9d;1
c9dp;1
9dp0;1
dp0g;1
p0g3;1
0g3m;1
g3mw;1
3mwg;1
porn;-1
orns;-1
rnst;-1
nsta;-1
tara;-1
aram;-1
rame;-1
zhnl;1
hnlx;1
nlx3;1
lx3w;1
x3wm;1
3wm6;1
wm6s;1
m6sy;1
6syn;1
syn1;1
yn1s;1
n1si;1
1six;1
sixk;1
ixk7;1
xk79;1
k791;1
7910;1
9103;1
103x;1
03xa;1
3xaj;1
exks;1
xksd;1
ksdv;1
qedy;1
edyf;1
dyfy;1
park;-1
arkh;-1
rkho;-1
khou;-1
ouse;-1
useo;-1
seon;-1
eonl;-1
numb;1
umbe;1
mber;0
berb;1
erbo;1
rbox;1
boxt;1
oxto;1
xtow;1
towe;1
owel;1
wela;1
elap;1
lapo;1
apol;1
polo;1
olog;0
logi;0
ogiz;1
gize;1
izeb;1
zebu;1
ebut;1
butt;1
utto;1
tvma;-1
vmat;-1
matc;-1
alta;-1
ltap;-1
tapl;-1
aplu;-1
lice;1
icen;1
cens;1
ense;1
nsew;1
sewo;1
ewoa;1
woad;1
oadd;1
addi;1
ddit;1
diti;1
jete;-1
etey;-1
deub;1
euba;1
ubaf;1
bafa;1
afam;1
famr;1
amrf;1
mrfa;1
rfao;1
faon;1
aonz;1
onzv;1
nzvg;1
zvgm;1
vgmv;1
gmvi;1
mviz;1
vizd;1
izdu;1
zduw;1
duwk;1
uwka;1
ahwm;1
hwma;1
wmaq;1
maqe;1
aqee;1
qees;1
luci;-1
ucig;-1
cige;-1
drjk;1
rjka;1
jkar;1
rowd;1
owdw;1
wdwh;1
dwhi;1
x0m3;1
0m3r;1
m3rh;1
3rh1;1
rh12;1
h12t;1
12ty;1
2ty9;1
ty9n;1
y9n0;1
9n01;1
n01f;1
01fz;1
1fz7;1
fz7k;1
z7kq;1
7kq2;1
kq2r;1
q2ro;1
2roh;1
rohx;1
ohx3;1
orno;-1
rnod;-1
node;-1
odeq;-1
dequ;-1
equa;-1
qual;-1
uali;-1
alid;-1
lida;-1
idad;-1
ess2;-1
ss2m;-1
s2ma;-1
2mar;-1
ive-;-1
ve-p;-1
e-pr;-1
-pro;-1
prox;-1
tofo;1
ofor;1
ormi;1
rmid;1
mida;1
idab;1
dabl;1
able;1
bler;1
lere;1
erep;1
repe;1
epea;1
peat;1
eate;1
natc;1
atce;1
tcei;1
cein;1
twnq;1
wnqp;1
nqpp;1
qppq;1
ppqe;1
pqea;1
pakh;-1
akhe;-1
kher;-1
herb;-1
erba;-1
rbal;-1
balp;-1
bass;-1
assg;-1
ssgi;-1
sgir;-1
gira;-1
iraf;-1
raff;-1
uzyw;1
zywe;1
myio;1
yiom;1
iomm;1
ommw;1
mmwg;1
mwgm;1
wgmc;1
gmcm;1
mcmk;1
cmks;1
mksm;1
ksme;1
ste1;1
carp;1
arpe;1
petc;1
etch;1
tcha;1
chan;1
ngec;1
nsid;1
side;1
derf;1
erfa;1
rfai;1
hnlo;-1
nlou;-1
lous;-1
oush;-1
14n6;1
4n6e;1
n6ei;1
6eiv;1
eiv1;1
iv1t;1
v1tf;1
1tf1;1
tf1n;1
f1ns;1
1nsp;1
nsp1;1
sp1c;1
p1c8;1
1c8a;1
c8ao;1
8ao6;1
ao6s;1
o6s1;1
6s1k;1
s1ks;1
1ksx;1
ksxz;1
sxzi;1
omtv;1
mtve;1
tves;1
fast;-1
astf;-1
stfo;-1
tfor;-1
orwa;-1
rwar;0
wpwq;1
pwqe;1
wqer;1
qerm;1
ermp;1
rmpp;1
ntse;-1
tsec;-1
sec.;-1
ec.g;-1
c.go;-1
zeta;-1
etau;-1
tauz;-1
auza;-1
gayh;-1
ayho;-1
yhoo;-1
hoop;-1
oopl;-1
fort;-1
ortm;-1
rtmi;-1
tmil;-1
ills;-1
llsc;-1
lsch;-1
scho;-1
choo;-1
hool;-1
satc;1
atcq;1
tcqm;1
cqma;1
qmaz;1
mazb;1
play;-1
laym;-1
aymo;-1
ymob;-1
qegy;1
egyh;1
gyhi;1
rabo;-1
abot;-1
bota;-1
otad;-1
tado;-1
adom;-1
kpsx;1
psxf;1
sxfe;1
hard;-1
ardl;-1
rdli;-1
dlin;-1
inen;-1
nenu;-1
nutr;-1
utri;-1
trit;-1
riti;-1
q8-2;-1
8-20;-1
-200;-1
2009;-1
009.;-1
09.b;-1
9.bl;-1
raze;-1
azeg;-1
f5c9;1
5c9s;1
c9sl;1
9slj;1
slj1;1
lj1u;1
j1us;1
1us5;1
us51;1
s516;1
516b;1
16bh;1
6bhf;1
bhfq;1
hfq3;1
fq31;1
q319;1
319t;1
19t2;1
9t2b;1
t2b8;1
bwnz;1
wnzc;1
nzcy;1
zcyy;1
cyyp;1
yypc;1
ypcb;1
pcbm;1
cbmn;1
bmnl;1
mnlp;1
nlpf;1
lpfs;1
yhsd;1
hsdm;1
sdmv;1
dmvo;1
mvok;1
blgj;1
lgje;1
gjes;1
jest;1
yqep;1
qepn;1
epnb;1
pnbb;1
reyn;-1
eyno;-1
ynol;-1
nold;-1
olds;-1
lds-;-1
ds-c;-1
inst;-1
stap;-1
tapa;-1
apag;-1
buta;1
utan;1
tany;1
anya;1
nyar;1
yare;1
arep;1
repr;1
epro;0
prov;1
rovi;0
ovid;1
dean;1
opti;-1
ptiw;-1
tiwe;-1
jul8;1
ul8q;1
l8qr;1
8qro;1
qroc;1
roc4;1
oc4j;1
c4jb;1
4jbt;1
jbt4;1
bt4a;1
t4a4;1
indp;0
ndps;1
dpst;1
pstq;1
stqb;1
tqbe;1
qbet;1
betc;1
etcp;1
tcpc;1
cpcq;1
pcqp;1
cqpr;1
olli;-1
llie;-1
liem;-1
iemc;-1
emcc;-1
mcca;-1
ccar;-1
cart;-1
acti;-1
ctiv;-1
vene;-1
enet;-1
mkrk;1
krke;1
rkes;1
kest;1
easy;-1
yfor;-1
rump;-1
umpr;-1
nerm;1
ermo;0
rmou;1
casw;-1
aswe;-1
swel;-1
well;-1
ellm;-1
llma;-1
lmas;-1
mass;-1
asse;-1
goog;-1
oogl;-1
ogle;-1
glea;-1
leap;-1
eapp;-1
apps;-1
ppsu;-1
psup;-1
supd;-1
upda;-1
pdat;-1
date;-1
ates;-1
tes.;-1
es.b;-1
s.bl;-1
stab;1
tabl;1
blet;1
leti;1
etir;1
tire;1
ired;1
redf;1
edfl;1
dflo;1
flow;1
ower;1
werw;1
ward;1
ardi;1
rdis;1
disa;1
isap;1
sapp;1
appo;1
ppoi;1
poin;1
oint;1
fitc;-1
itch;-1
tchr;-1
chra;-1
hrat;-1
rati;-1
atin;-1
nojo;1
ojoj;1
joju;1
ojux;1
snph;1
nphw;1
phwr;1
hwra;1
wraw;1
raws;1
memb;-1
embe;-1
berc;-1
ercl;-1
rcli;-1
lick;-1
qxbu;1
xbua;1
buat;1
uatu;1
atus;1
tusl;1
uslr;1
slra;1
lraf;1
rafd;1
afdg;1
ratn;1
atno;1
tnob;1
noba;1
erig;-1
rigr;-1
igro;-1
XhLA;1
hLAZ;1
LAZH;1
AZHl;1
ZHls;1
Hlse;1
simf;-1
imfo;-1
mfor;-1
crei;-1
reiv;-1
dogg;1
oggu;1
ggua;1
guar;1
uard;1
arda;1
rdat;1
datt;1
ttem;1
empt;1
mptf;1
ptfi;1
tfil;1
film;1
ilmi;1
lmin;1
minv;1
invi;1
nvit;1
dkrv;1
krvo;1
rvos;1
vosd;1
osds;1
sdss;1
dssg;1
ssgl;1
choc;-1
hoco;-1
ocol;-1
cola;-1
olat;-1
late;-1
atex;-1
texx;-1
bett;-1
ette;-1
tter;-1
erfl;-1
rfly;-1
fly.;-1
ly.c;-1
y.co;-1
eiou;1
ioui;1
ouiy;1
uiyu;1
iyuu;1
yuuu;1
uuuw;1
uuwy;1
uwyy;1
wyyi;1
yyiw;1
yiwi;1
wwcd;1
wcdh;1
cdhd;1
dhdh;1
hdhi;1
dhij;1
hijs;1
ijsf;1
jsfs;1
sfsu;1
fsuy;1
nsin;-1
sinf;-1
hot2;-1
hshw;1
shwn;1
hwnw;1
wnwe;1
nwen;1
wena;1
suci;0
ucia;-1
nior;-1
ior3;-1
1osr;1
osru;1
srui;1
ruih;1
uih2;1
ih2p;1
h2pu;1
2pun;1
punl;1
unl0;1
nl0j;1
l0jc;1
0jci;1
jcik;1
cikx;1
ikxm;1
kxm5;1
xm55;1
m550;1
550i;1
50ig;1
mzgq;1
zgqm;1
gqmz;1
qmzp;1
mzpa;1
zpae;1
paet;1
aetk;1
etkc;1
tkce;1
kced;1
cede;1
edeg;1
dege;1
egeg;1
gegm;1
egmx;1
xshm;1
shml;1
hmlv;1
mlvu;1
lvuc;1
vuct;1
uctp;1
lqql;1
qqli;1
qliy;1
liyk;1
iyki;1
ykid;1
kidm;1
idmq;1
dmqs;1
mqss;1
qssn;1
ssnb;1
snbm;1
nbml;1
bmls;1
mlsw;1
lswd;1
swdt;1
wdte;1
dteu;1
13ts;1
3tsg;1
tsgt;1
sgt6;1
gt61;1
t615;1
615k;1
15kv;1
5kv3;1
kv37;1
v37k;1
37kp;1
7kp1;1
kp1i;1
p1iz;1
1izl;1
izlb;1
zlbi;1
lbid;1
bids;1
idsa;1
raag;1
aagq;1
agqs;1
gqsn;1
qsnu;1
snum;1
edt9;1
dt9f;1
t9f8;1
9f8y;1
f8y8;1
8y8f;1
y8fu;1
8fun;1
funq;1
unq1;1
nq14;1
q14s;1
14sx;1
4sxi;1
sxiv;1
xivb;1
ivbo;1
vbou;1
bouw;1
ouwu;1
uwuc;1
ofpu;1
fpub;1
publ;1
ubli;1
blic;1
lich;1
ichi;1
hist;0
tory;1
oryo;0
ryou;0
your;0
oura;1
urab;1
rabd;1
abdi;1
bdic;1
dica;1
icat;0
cate;1
essi;-1
ssil;-1
silo;-1
ilor;-1
lorp;-1
orpr;-1
rpro;-1
pro.;-1
ro.c;-1
8v12;1
v12g;1
12gf;1
2gf7;1
gf7i;1
f7if;1
7ifs;1
ifsd;1
fsdn;1
sdny;1
dnyv;1
nyvo;1
eneg;-1
nega;-1
suog;1
uogz;1
ogzz;1
gzzi;1
zzic;1
zicv;1
lang;-1
angu;0
ngua;-1
guag;-1
uage;-1
agem;-1
gemo;-1
emon;-1
moni;-1
onit;-1
nito;-1
fnhe;1
nhej;1
hejm;1
ejmn;1
jmnk;1
mnkc;1
macg;-1
acgr;-1
cgre;-1
greg;-1
rego;-1
egor;-1
gori;-1
oris;-1
shis;-1
1x29;1
x29p;1
29po;1
9pow;1
powm;1
owmd;1
wmdh;1
mdhl;1
dhlm;1
hlmp;1
lmp7;1
mp7i;1
p7iz;1
7izl;1
izlc;1
zlc4;1
lc45;1
c45o;1
45o0;1
5o09;1
o09t;1
bkjc;1
kjci;1
jcii;1
ciir;1
iirq;1
irqp;1
rqpm;1
qpmr;1
dobr;-1
obro;-1
broc;-1
roch;-1
ocha;-1
myga;-1
ygay;-1
gayc;-1
aycu;-1
trac;0
rack;0
ackj;-1
ocmq;1
cmqu;1
mquk;1
quku;1
ukuc;1
kucg;1
ucgc;1
cgcq;1
gcqw;1
cqwi;1
qwic;1
wicq;1
math;-1
athb;-1
thbi;-1
hbit;-1
ahnm;-1
hnma;-1
nmat;-1
mata;-1
nhws;1
hwsp;1
wsps;1
spsh;1
pshr;1
shrm;1
exca;-1
xcas;-1
ash2;-1
Np8R;1
p8Rn;1
8RnM;1
RnMV;1
nMVD;1
MVD1;1
cudm;1
udmp;1
dmpq;1
mpqr;1
pqro;1
qroy;1
royy;1
oyyl;1
yylu;1
ylux;1
luxw;1
uxwq;1
xwqo;1
wqox;1
qoxn;1
oxnj;1
xnji;1
qwhh;1
whhv;1
hhvr;1
hvrp;1
vrpk;1
rpkd;1
pkdr;1
kdrg;1
drgm;1
rgmn;1
hash;1
asha;1
shas;1
hast;1
asto;1
stod;1
tode;1
oder;1
deri;1
eriv;1
rivi;1
ivin;1
ving;1
ingb;1
ngbe;1
gbet;1
gen-;-1
en-e;-1
2WPk;1
WPkm;1
Pkmq;1
kmqY;1
mqYS;1
qYS8;1
ql24;1
l24r;1
24rn;1
4rng;1
rng2;1
ng29;1
g29z;1
29z0;1
9z0z;1
z0zc;1
0zcc;1
zcc9;1
fyin;1
yinq;1
inqf;1
nqfc;1
qfcc;1
ofdh;1
fdhi;1
dhiy;1
hiyd;1
iydr;1
ydrr;1
drrt;1
rrtt;1
rttp;1
ttpb;1
tpbl;1
dbzw;1
bzwe;1
zwes;1
west;-0,333333333333333
xwln;1
wlnk;1
lnkk;1
nkkb;1
kkbx;1
kbxj;1
bxjn;1
dmou;1
i45o;1
45o1;1
5o11;1
o11p;1
11p2;1
1p22;1
p22g;1
22gu;1
gug6;1
ug63;1
g63p;1
63p3;1
3p32;1
p32b;1
32bw;1
2bwn;1
bwnq;1
wnqj;1
nqj1;1
qj16;1
j16l;1
16lx;1
6lxe;1
lxes;1
xesp;1
esp2;1
sp22;1
p22c;1
22cz;1
2czp;1
czp2;1
zp22;1
p22l;1
22l6;1
2l68;1
l68a;1
bowc;-1
owcy;-1
wcyc;-1
cycl;-1
ycle;-1
clec;-1
leca;-1
ecal;-1
calg;-1
alga;-1
lgar;-1
feli;-1
elis;-1
liss;-1
issi;-0,333333333333333
ssim;-1
simo;-1
imo.;-1
mo.c;-1
feed;-1
eedl;-1
edli;-1
dlis;-1
list;-1
isti;-1
tran;-1
rang;-1
angt;-1
ngti;-1
gtin;-1
tinl;-1
inla;-1
nlam;-1
lamd;-1
amde;-1
erfe;-1
rfec;-1
ectw;-1
ctwa;-1
twat;-1
ckle;1
klet;1
leta;1
etac;1
tacc;1
acco;1
ccou;1
ntre;1
trew;1
rewa;1
ardd;1
rdde;1
ddea;1
reeo;-1
eeon;-1
ineg;-1
egam;-1
ames;-1
mesg;-1
esgr;-1
sgra;-1
grat;-1
adfl;1
dfll;1
fllk;1
llkl;1
lkln;1
klnc;1
lnce;1
nceo;1
ceoc;1
eocf;1
ocff;1
cfff;1
ajax;-1
jaxr;-1
xrep;-1
lubm;-1
ubme;-1
bree;-1
reez;-1
tiny;-1
inyd;-1
nydi;-1
ydic;-1
dick;-1
ickt;-1
cktu;-1
ktub;-1
gete;-1
etev;-1
teve;-1
ever;-1
very;-1
eryt;-1
ryth;-1
ythi;-1
mcfe;1
cfea;1
feaf;1
eafc;1
afcb;1
fcba;1
cbaa;1
baak;1
aakd;1
akda;1
kdak;1
dakd;1
foot;-1
ootp;-1
land;-1
andr;-1
ndro;-1
droi;-1
oidn;-1
idne;-1
mind;0
ndpu;-1
vk-s;-1
k-so;-1
-sou;-1
soun;-1
yaky;-1
akyu;-1
kyub;-1
yuba;-1
ubak;-1
furm;-1
rman;-1
manp;-1
anpa;-1
npal;-1
alad;-1
ladi;-1
adin;-1
myne;-1
ynet;-1
7gy3;1
gy3u;1
y3u8;1
3u8g;1
u8gj;1
8gjk;1
gjkf;1
jkfy;1
kfyg;1
fygl;1
ygl9;1
gl9t;1
klvu;1
lvup;1
vupg;1
upgf;1
agek;1
geke;1
ekes;1
vrvc;1
rvcj;1
vcj.;1
cj.c;1
j.co;1
fant;-1
nta1;-1
ta1x;-1
9bbz;1
cgwu;1
gwuq;1
wuqi;1
uqij;1
qijn;1
ijnt;1
jntl;1
ntlu;1
lwaw;1
wawn;1
awnl;1
wnlz;1
nlzh;1
lzhe;1
alph;-1
lpha;-1
pha-;-1
ha-p;-1
a-pr;-1
nere;-1
eres;-1
vmoz;1
mozp;1
ozpd;1
zpdx;1
clen;-1
lend;-1
enda;-1
ndan;-1
dani;-1
anie;-1
cont;1
tain;1
ains;1
insw;1
nese;-1
esee;-1
seek;-1
eeke;-1
asma;-1
sman;-1
ande;-1
roma;-1
mant;-1
anti;-1
ntic;-1
tico;-1
icob;-1
cobr;-1
obra;-1
braz;-1
razi;-1
epow;1
powd;1
owda;1
wday;1
dayf;1
jack;-1
ackr;-1
ckre;-1
krel;-1
relo;-1
elou;-1
8q4o;1
q4ok;1
4okr;1
okrx;1
krxg;1
rxgc;1
xgcb;1
gcbd;1
cbd3;1
bd3e;1
d3ei;1
3ei4;1
ubej;1
bejc;1
ejc0;1
jc0e;1
c0e8;1
0e8i;1
e8il;1
8ilk;1
ilkl;1
lkli;1
klid;1
lid5;1
id5.;1
d5.d;1
5.dd;1
1wfq;1
wfq1;1
fq1w;1
q1wq;1
1wqw;1
wqw3;1
qw3e;1
w3eg;1
3egh;1
eghh;1
ghh1;1
hh12;1
h12d;1
12d2;1
2d2z;1
d2zz;1
2zzk;1
zzkl;1
zklv;1
klvl;1
lvl3;1
vl3r;1
gzhw;1
zhwf;1
hwfd;1
wfdw;1
fdwn;1
dwnj;1
wnjr;1
dral;1
ralh;1
alhy;1
lhyi;1
hyie;1
kofl;-1
ofle;-1
fler;-1
lerh;-1
erho;-1
char;0,333333333333333
harl;-1
arlo;-1
rlot;-1
lott;-1
otte;-1
ttet;-1
teti;-1
etil;-1
tilb;-1
ilbu;-1
lbur;-1
ywoo;1
wooy;1
ooyu;1
oyuc;1
yucy;1
ucyg;1
cygi;1
ygie;1
gies;1
iese;1
esec;1
seck;1
bric;-1
ric1;-1
ic16;-1
llel;1
lelx;1
elxd;1
lxdy;1
xdyy;1
dyyq;1
yyqy;1
yqyb;1
16it;1
6itc;1
itct;1
tcte;1
ctev;1
tev3;1
ev3d;1
v3d1;1
3d18;1
d18e;1
18e4;1
8e4o;1
e4o.;1
4o.d;1
ride;-1
ides;-1
desh;-1
shar;-1
hare;-1
areo;-1
reon;-1
jpmk;1
pmkp;1
mkpj;1
kpjx;1
pjxu;1
jxur;1
xurc;1
urch;1
rchi;1
chip;1
hipb;1
gysa;1
ysaa;1
saao;1
aaon;1
aonr;1
onrp;1
pesc;-1
escu;-1
scui;-1
cuit;-1
uitl;-1
itla;-1
tlaf;-1
lafe;-1
afee;-1
eede;-1
jjqq;1
jqqk;1
qqkf;1
011s;-1
onfo;-1
nfoo;-1
hemp;1
empa;1
mpar;1
arti;1
rtie;1
ties;1
iesa;1
sano;1
anot;1
nott;1
otth;1
ttha;1
that;1
hats;1
atsu;1
copy;1
opyy;1
pyyl;1
yyli;1
ylia;1
iath;1
athe;0,333333333333333
thei;1
hein;1
eint;1
dilq;1
ilqa;1
lqap;1
qapa;1
wpgl;1
pgli;1
glib;1
libn;1
ibni;1
bnis;1
nisw;1
iswk;1
orbi;-1
rbis;-1
bisa;-1
isac;-1
sacc;-1
cess;-1
ess.;-1
ss.c;-1
aret;1
reth;1
ethe;1
hemt;1
emth;1
mtha;1
hatt;1
atth;1
tthe;1
hera;0,333333333333333
erai;1
rais;1
aisi;1
qsuk;1
sukf;1
ukfi;1
kfio;1
fior;1
iorx;1
orxc;1
rxcy;1
xcyl;1
cylu;1
yluq;1
luqc;1
uqcg;1
qcgu;1
cguh;1
wugu;-1
ugu.;-1
gu.c;-1
u.co;-1
kurt;-1
urtc;-1
rtce;-1
tceb;-1
cebi;-1
ebil;-1
bilg;-1
loaq;1
oaqk;1
aqkk;1
qkk4;1
kk4u;1
k4uv;1
4uv0;1
uv0e;1
v0er;1
0er1;1
er18;1
r18y;1
18y6;1
8y66;1
y66y;1
66ya;1
6ya1;1
ya1q;1
a1qm;1
1qma;1
qma5;1
ma5t;1
forl;-1
orli;-1
rlif;-1
life;-1
ifed;-1
fede;-1
edes;-1
desi;-1
esig;-1
argo;-1
rgoi;-1
goin;-1
oinv;-1
estm;-1
stme;-1
tmen;-1
nts.;-1
wscm;1
scmw;1
cmws;1
mwss;1
wssw;1
sswi;1
swig;1
wige;1
igew;1
gews;1
ewss;1
wsso;1
nzzh;1
zzhy;1
zhyh;1
hyhe;1
yhem;1
hemz;1
emzs;1
mzsw;1
zswc;1
swcy;1
wcyr;1
cyrw;1
yrwp;1
rwpz;1
wpzj;1
pzjz;1
zjzt;1
jztd;1
ztdm;1
tdmb;1
dmby;1
mbyp;1
bypt;1
yptk;1
ptkt;1
eagl;-1
agle;-1
gle-;-1
le-r;-1
e-ro;-1
-roc;-1
jaka;-1
akar;-1
kart;-1
arta;-1
rtac;-1
taco;-1
acor;-1
esis;-1
sise;-1
isex;-1
sexb;-1
exbo;-1
xbol;-1
esss;-1
sssc;-1
ssch;-1
ool-;-1
ol-b;-1
l-be;-1
-ber;-1
berl;-1
erli;-1
icoi;-1
coit;-1
oita;-1
mick;-1
icke;-1
ckey;-1
keys;-1
eysh;-1
ysho;-1
shou;-1
hand;-1
ndel;-1
dels;-1
elsb;-1
lsba;-1
sban;-1
bank;-1
anke;-1
mywe;-1
yweb;-1
webz;-1
beta;-1
etan;-1
tane;-1
ntof;1
tofv;1
ofvc;1
fvcv;1
vcvr;1
cvrg;1
vrgh;1
rghk;1
ghkv;1
hkvp;1
kvpc;1
vpcz;1
pczq;1
czqm;1
zqmj;1
qmjo;1
mjow;1
jowk;1
owkq;1
wkqk;1
boxe;-1
oxed;-1
xeda;-1
edar;-1
ryok;-1
yoka;-1
okan;-1
kanc;-1
ancl;-1
nclu;-1
dxyi;1
xyif;1
yifl;1
iflx;1
flxw;1
lxwg;1
xwgr;1
wgrs;1
grsu;1
rsuw;1
suwt;1
uwto;1
wtol;1
tolm;1
olmb;1
lmbg;1
mbga;1
bgag;1
gage;1
agey;1
harg;1
arge;1
rgew;1
gewh;1
ewhi;1
dere;-1
erek;-1
reks;-1
eksm;-1
ksma;-1
anyp;1
nype;1
hfuw;1
fuwl;1
uwlo;1
wloc;1
locy;1
ocyq;1
cyqn;1
yqng;1
qngc;1
ngcs;1
gcsb;1
csbl;1
sble;1
c32p;1
gami;-1
amin;-1
ming;-1
ingh;-1
nghe;-1
ghea;-1
head;-1
qety;1
etyv;1
tyve;1
ligh;0,333333333333333
ghti;-1
htin;-1
hebo;-1
mise;-1
iser;-1
seri;0
rico;-1
icor;-1
cord;-1
ordi;-1
shsd;1
hsdo;1
sdo6;1
do6k;1
o6kr;1
6krs;1
krsp;1
rsp7;1
sp78;1
p78k;1
78k4;1
8k4i;1
k4i.;1
4i.d;1
uszj;1
szjx;1
zjxc;1
jxcz;1
xcza;1
czar;1
zarj;1
arjx;1
rjxe;1
jxeu;1
xeum;1
eums;1
umsr;1
msra;1
sraw;1
rawh;1
awhk;1
whkk;1
qeqy;1
eqyx;1
qyxo;1
ioa8;1
oa86;1
a86w;1
86wi;1
6wio;1
wio2;1
io2g;1
o2gi;1
emga;1
mgao;1
gaog;1
aogi;1
ogis;0
giso;1
isoo;1
sooa;1
ooay;1
oayo;1
ayoe;1
yoew;1
w0w8;1
0w8e;1
w8ej;1
8ej7;1
ej7f;1
j7fy;1
7fyn;1
fynq;1
ynq4;1
nq43;1
q43h;1
43h5;1
3h5d;1
h5d1;1
5d1b;1
d1bc;1
1bcd;1
bcda;1
cdab;1
dabk;1
abk.;1
bk.d;1
k.dd;1
eco-;-1
co-c;-1
o-ch;-1
-che;-1
cheh;-1
heho;-1
tcmr;1
cmrw;1
mrwc;1
rwcx;1
wcxg;1
cxgy;1
xgyl;1
gylo;1
yloj;1
lojt;1
ojtg;1
jtgc;1
tgcy;1
gcyc;1
cycf;1
ycfq;1
cfqv;1
fqvk;1
felo;-1
elon;-1
lons;-1
ons.;-1
ns.w;-1
s.wo;-1
hotn;-1
otna;-1
tnas;-1
nasi;-1
asia;-1
allc;0
llco;1
lcon;1
nsul;1
sult;1
ultl;1
ltli;1
tlif;0
ftpo;1
tpos;1
post;1
ostb;1
stbo;0
tboa;1
boar;1
midw;-1
idwe;-1
dwes;-1
estb;-1
tbot;-1
bott;-1
ottl;-1
ttle;-1
wisx;1
isxd;1
sxdn;1
xdnv;1
dnvq;1
nvqu;1
vqug;1
qugt;1
ugtw;1
gtwg;1
lteo;1
teoa;1
eoat;1
oatm;1
atmc;1
tmcw;1
mcwb;1
cwbv;1
wbvo;1
bvoe;1
voek;1
oekx;1
ekxv;1
kxvs;1
xvsl;1
vslm;1
slml;1
kett;-1
ettl;-1
tler;-1
ler.;-1
er.c;-1
u6wj;1
6wjw;1
wjwd;1
jwd5;1
wd5v;1
d5v1;1
5v1r;1
v1rm;1
1rml;1
rmla;1
mlaf;1
lafs;1
afs.;1
dr-i;-1
r-ig;-1
-igu;-1
igum;-1
gumn;-1
umno;-1
uton;-1
toni;-1
kitc;-1
chen;-1
hend;-1
endo;-1
ndoo;-1
oorw;-1
orwo;-1
rwor;-1
orks;-1
rksh;-1
ksho;-1
shop;-1
hop.;-1
op.c;-1
ifep;-1
fepr;-1
proj;-1
roje;-1
ojec;-1
jani;0
anid;1
nido;1
idox;1
lobs;-1
obse;-1
bser;-1
erva;-1
rvat;-1
vate;-1
ateu;-1
cufe;1
ufeb;1
febf;1
ebfi;1
bfix;1
fixo;1
ixoe;1
xoei;1
oeim;1
eimr;1
imrw;1
mrwl;1
rwlx;1
wlxz;1
lxzd;1
xzdj;1
zdjf;1
djfa;1
jfaq;1
faqe;1
aqea;1
qeav;1
eavk;1
knqg;1
nqgi;1
qgiu;1
giup;1
iupx;1
upxs;1
pxst;1
ncte;1
ctej;1
tejw;1
ejws;1
jwsa;1
moon;-1
oonk;-1
onki;-1
nkid;-1
8a0y;1
a0yc;1
0ycm;1
ycmw;1
cmwe;1
mwe0;1
we0q;1
e0qc;1
gopk;1
opkx;1
pkxw;1
kxwt;1
xwtt;1
wttd;1
ttdo;1
tdoi;1
gany;1
anyz;1
nyzu;1
kryc;1
rycu;1
ycuz;1
cuzk;1
uzks;1
zksj;1
ksjf;1
sjfd;1
jfdh;1
fdhz;1
dhzx;1
hzxv;1
zxvc;1
vofy;1
ofyg;1
fygu;1
rfxt;1
fxto;1
xtom;1
tomk;1
hipo;-1
ipod;-1
podr;-1
odro;-1
drom;-1
omos;-1
mosa;-1
osan;-1
sani;-1
anis;-1
nisi;-1
isid;-1
sidr;-1
buck;-1
ucka;-1
ckan;-1
kand;-1
andh;-1
ndhi;-1
dhic;-1
hick;-1
ickm;-1
ckma;-1
toou;1
oour;1
uris;1
riso;1
isou;1
sour;1
ourt;1
urth;1
theo;1
heof;1
eofa;1
ofab;1
fabu;1
abus;1
buse;1
ameb;-1
mebo;-1
ebom;-1
lkop;1
kopw;1
opwd;1
pwdu;1
wduj;1
dujv;1
ujvk;1
jvkk;1
ddls;-1
dlsp;-1
lspo;-1
p69A;1
69A8;1
9A8t;1
A8tt;1
8ttY;1
ttYa;1
deli;1
elig;1
ghtm;1
htmo;1
tmou;1
anna;-1
nnas;-1
nasr;-1
asro;-1
sron;-1
ronl;-1
10f2;1
0f27;1
f27f;1
27fc;1
7fc1;1
fc1f;1
c1f6;1
1f68;1
f68b;1
gwrd;1
wrdm;1
rdmh;1
dmhy;1
mhyj;1
hyjf;1
yjfc;1
jfcp;1
fcpc;1
cpcu;1
pcut;1
cutm;1
utmh;1
71sz;1
1sz2;1
sz27;1
z271;1
271y;1
71y6;1
1y6j;1
y6jw;1
6jw0;1
jw0m;1
w0m1;1
0m1n;1
m1nm;1
1nmk;1
nmkg;1
mkgq;1
kgq1;1
gq11;1
q11o;1
11ow;1
1owi;1
owix;1
wix1;1
biri;-1
irim;-1
rimf;-1
imfi;-1
mfiy;-1
fiya;-1
rget;1
nrmh;1
rmhs;1
mhsw;1
hswa;1
swaa;1
waaq;1
amfj;1
mfjm;1
fjmb;1
jmbz;1
mbzc;1
bzcm;1
zcmd;1
rech;-1
eche;-1
chei;-1
hmjd;1
mjdx;1
jdxx;1
dxxt;1
xxti;1
jspp;1
sppd;1
salt;1
alte;0
ltem;1
empe;1
mpen;1
pena;1
enaq;1
naqu;1
aqui;1
quif;1
uifr;1
ifra;1
frau;1
raud;1
aude;1
kaff;1
afff;1
fffh;1
ffhu;1
fhus;1
husf;1
euyl;1
uyld;1
yldz;1
ldzl;1
dzlf;1
zlfe;1
lfee;1
feei;1
eeil;1
eilp;1
ilpx;1
lpxw;1
pxwe;1
xwei;1
weiq;1
eiqw;1
iqwp;1
qwpj;1
wpjg;1
pjge;1
jgec;1
gecf;1
my-f;-1
y-fl;-1
jntu;-1
ntub;-1
tubo;-1
ciki;1
ikiu;1
kiug;1
iugc;1
ugca;1
gcaq;1
caqc;1
aqce;1
qceg;1
cegs;1
egsi;1
gsim;1
n0wh;1
0whk;1
whky;1
hky1;1
ky19;1
y19m;1
19mi;1
9miu;1
miuk;1
iuk7;1
uk71;1
k71d;1
71dc;1
1dct;1
dcts;1
ctsi;1
tsi0;1
si04;1
i047;1
047n;1
47na;1
7na1;1
defi;1
efin;1
fine;1
ineb;1
nebr;1
ebri;1
brit;1
rita;1
itai;1
ainh;1
inha;1
nhas;1
hasf;1
asfo;1
sfor;0
forh;1
npem;1
pema;1
emaq;1
maqw;1
aqww;1
qwwh;1
vony;1
onyp;1
nypo;1
netp;-1
etpl;-1
tplu;-1
xtre;-1
trem;-1
remm;-1
emme;-1
mmed;-1
krpe;1
rpea;1
peaa;1
eaam;1
aamn;1
amne;1
mneq;1
neqs;1
eqsc;1
qscr;1
scrd;1
crdm;1
rdmk;1
dmke;1
mkea;1
keal;1
almf;1
lmfa;1
mfay;1
faym;1
aymb;1
ymbf;1
naku;-1
akup;-1
kup-;-1
up-n;-1
p-na;-1
-nab;-1
naby;-1
abyt;-1
byte;-1
amew;-1
mewa;-1
ewal;-1
ated;1
tedt;1
edth;1
dthe;1
they;1
heyw;1
eywh;1
ywhe;1
when;1
henc;1
enco;1
ncol;1
colo;1
olon;1
loni;1
onie;1
buzz;-1
uzzi;-1
zzin;-1
bdgh;1
dghi;1
ghib;1
hibg;1
ibgy;1
bgyb;1
gyby;1
ybyq;1
bxaz;1
xazi;1
azi5;1
zi55;1
i55e;1
55e4;1
5e41;1
e41g;1
41g3;1
1g33;1
g33l;1
33ly;1
3lyl;1
lylq;1
ylqm;1
lqm1;1
qm19;1
m19i;1
19i3;1
9i35;1
i35h;1
35hz;1
5hzk;1
hzkz;1
zkzk;1
kzky;1
zkyo;1
kyov;1
yovb;1
ovb5;1
vb58;1
b58o;1
58os;1
8osg;1
osg3;1
aaqm;1
aqmg;1
qmga;1
mgag;1
gagw;1
agwa;1
gwak;1
waku;1
akuw;1
kuwq;1
uwqu;1
wqug;1
aoya;-1
oyam;-1
yama;-1
ama-;-1
ma-s;-1
a-sy;-1
-syo;-1
syou;-1
youj;-1
ouji;-1
uji.;-1
ji.c;-1
e-ze;-1
-zek;-1
zeki;-1
ekie;-1
sepa;1
epar;1
para;1
rate;1
atei;1
tein;1
eind;1
ndee;1
deed;1
eedt;1
hebr;1
dram;-1
rama;-1
amao;-1
maon;-1
aonl;-1
1d3v;1
d3vs;1
3vsj;1
vsjq;1
sjqj;1
jqja;1
qjan;1
janq;1
anqx;1
nqxk;1
qxk4;1
xk41;1
k41h;1
41ho;1
1hov;1
hov3;1
ov3.;1
v3.d;1
ypwp;1
pwpk;1
wpke;1
pkek;1
keky;1
ekyn;1
kynf;1
kimc;-1
imcr;-1
mcra;-1
craw;-1
rawf;-1
awfo;-1
ford;-1
ordw;-1
rdwi;-1
dwin;-1
wine;-1
wgnx;1
gnxe;1
nxes;1
1h5u;1
h5u3;1
5u3e;1
u3e0;1
3e0f;1
e0fg;1
0fgl;1
fglg;1
glg4;1
lg4a;1
g4ay;1
4ay5;1
ay51;1
y51j;1
51jb;1
1jbd;1
jbd1;1
bd17;1
d179;1
1790;1
790c;1
90cs;1
wand;-1
nder;-1
derl;-1
erlu;-1
rlus;-1
lust;-1
ustb;-1
stbl;-1
tblo;-1
xewo;1
ewok;1
woki;1
lten;-1
tenp;-1
enpf;-1
npfl;-1
pfle;-1
fleg;-1
lege;-1
eges;-1
gesc;-1
esch;-1
schu;-1
chue;-1
huel;-1
uele;-1
kenn;-1
enn-;-1
nn-d;-1
n-di;-1
-dic;-1
dich;-1
ich-;-1
ch-d;-1
h-do;-1
-doc;-1
sube;-1
ubet;-1
etal;-1
talo;-1
alod;-1
lodg;-1
mido;1
idom;1
doml;1
omla;1
mlab;1
labe;0,333333333333333
abel;0,333333333333333
bels;1
elst;1
lstl;1
stla;1
tlab;0
acts;1
ctst;1
tate;1
atea;1
tean;1
andt;1
ndtr;1
dtro;1
troo;1
roop;1
oops;1
opsh;1
psha;1
shav;1
jqrk;1
qrkn;1
rknj;1
knjs;1
leha;1
ehay;1
haye;1
ayer;1
yerc;1
ercb;1
rcbh;1
cbhr;1
bhrp;1
hrpx;1
rpxf;1
pxfk;1
xfk.;1
fk.c;1
m49i;1
49iu;1
9iul;1
iulu;1
uluk;1
luks;1
uksl;1
kslr;1
slrg;1
lrg6;1
rg63;1
g63h;1
63h2;1
3h24;1
h24e;1
24e6;1
4e61;1
e61a;1
61au;1
1aul;1
aul3;1
ul38;1
l38i;1
38is;1
8isn;1
isn1;1
sn10;1
n10p;1
10pq;1
0pqp;1
pqpt;1
qptc;1
ptc1;1
tc19;1
c19a;1
llkr;1
lkru;1
kruj;1
rujk;1
ujkn;1
jknb;1
knbp;1
nbpg;1
x771;-1
7713;-1
webr;-1
ebrg;-1
prud;-1
rude;-1
uden;-1
dent;-1
entc;-1
ntco;-1
tcor;-1
corp;-1
orpo;-1
rpor;-1
pora;-1
orat;-1
jaqo;1
aqov;1
qove;1
oveo;1
itve;1
tvel;1
velv;1
elve;1
lver;0
verb;1
erbu;1
rbum;1
bums;1
umsm;1
msmi;1
smit;1
mith;1
ithr;1
thre;1
evel;1
veli;1
elin;1
ledi;-1
pivo;-1
ivot;-1
vota;-1
otal;-1
talw;-1
alwe;-1
lwea;-1
weat;0
eath;0
nord;-1
ordn;-1
rdne;-1
dnet;-1
netb;-1
etbl;-1
logg;-1
ogge;-1
pare;-1
aren;-1
rent;0
entp;-1
ntpr;-1
tpro;-1
ject;-1
ectm;-1
city;-1
ityo;-1
tyof;-1
yofs;-1
ofsa;-1
fsal;-1
sale;-1
um46;1
m46i;1
46is;1
6isr;1
isrf;1
srff;1
rffy;1
ffy5;1
fy50;1
y50q;1
50qc;1
0qcc;1
zsaz;-1
sazs;-1
azsa;-1
zsab;-1
sabe;-1
bell;-1
ella;-1
llag;-1
lagi;-1
agio;-1
gio.;-1
io.b;-1
wese;1
esek;1
seki;1
eki8;1
ki8u;1
i8uk;1
8uke;1
uke4;1
leon;-1
eona;-1
onar;-1
nard;-1
ard-;-1
rd-d;-1
d-de;-1
-de-;-1
de-v;-1
e-vi;-1
-vin;-1
vinc;0
pjrm;1
jrme;1
rmes;1
mest;1
veav;1
eavb;1
avbb;1
vbbd;1
bbdv;1
bdvy;1
qwws;1
wwsq;1
wsqn;1
sqnm;1
qnmr;1
nmrn;1
sson;-1
sone;-1
xqpu;1
qpup;1
pupb;1
upbz;1
pbzu;1
bzus;1
zusy;1
usyb;1
sybg;1
ybgf;1
bgfg;1
gfgv;1
fgvv;1
365t;-1
65th;-1
5thi;-1
ngsi;-1
gsin;-1
sinh;-1
inho;-1
nhou;-1
oust;-1
usto;-1
hxi9;1
xi9o;1
i9or;1
9or1;1
or1a;1
r1a3;1
1a3j;1
a3jn;1
3jnh;1
jnh5;1
nh55;1
h55x;1
55xi;1
5xiu;1
xiug;1
iugh;1
ugh1;1
gh1t;1
h1te;1
1tei;1
tei9;1
ei9m;1
91k6;1
1k6j;1
k6j2;1
6j21;1
j21x;1
21xr;1
1xrp;1
xrpq;1
rpqu;1
pqug;1
qug1;1
ug1k;1
g1kw;1
1kwj;1
kwjc;1
wjc7;1
jc7m;1
c7m1;1
7m12;1
m12a;1
12av;1
2av2;1
av2h;1
wint;-1
nets;-1
etsu;-1
tsuc;-1
succ;-1
ucce;-1
essc;-1
ssco;-1
scoa;-1
coac;-1
2jBR;1
jBRD;1
BRD4;1
RD44;1
D44k;1
44k9;1
osha;-1
shad;-1
hadh;-1
adhi;-1
dhi.;-1
hi.t;-1
i.tm;-1
u8ig;1
8igm;1
igmo;1
gmo6;1
mo6k;1
o6kq;1
6kqs;1
kqs6;1
sp3b;1
p3bw;1
3bwn;1
bwni;1
wniv;1
niv1;1
iv1p;1
v1po;1
1po0;1
po0w;1
o0wn;1
0wnk;1
wnk6;1
nk61;1
k61t;1
61tc;1
1tc.;1
tc.d;1
best;-1
stma;-1
tmat;-1
matt;-1
attr;-1
ttre;-1
tres;-1
ress;-1
ess-;-1
ss-b;-1
s-br;-1
-bra;-1
hnzx;1
nzxw;1
zxwf;1
xwfg;1
wfgz;1
fgzh;1
gzhs;1
zhsk;1
hskl;1
sklp;1
klpx;1
lpxf;1
pxfp;1
pbqf;1
bqfm;1
qfmv;1
fmvw;1
mvwp;1
vwpf;1
wpfh;1
pfhy;1
fhyg;1
hyga;1
ygah;1
gaha;1
ahac;1
haci;1
acix;1
cixk;1
ixkp;1
xkpz;1
kpzh;1
pzht;1
zhtm;1
gqoa;1
qoam;1
oamy;1
amyw;1
myww;1
ywwa;1
wwao;1
waoi;1
aoik;1
oika;1
ikau;1
kauy;1
wsas;1
sasw;1
aswm;1
swmr;1
wmrs;1
mrsr;1
unit;-1
nite;-1
ited;-1
ted.;-1
ed.a;-1
nfm.;-1
fm.c;-1
then;-1
heno;-1
enov;-1
novi;-1
ovic;-1
vice;-1
icec;-1
cech;-1
chef;-1
hefb;-1
efbl;-1
fblo;-1
kpni;-1
boni;-1
nitt;-1
tipg;1
ipgo;1
pgol;1
golf;1
olfb;1
lfbo;1
fboa;1
oard;1
ardr;1
rdre;1
drec;1
reco;1
ecog;1
cogn;1
ogni;1
gniz;1
nize;1
izec;1
zeca;1
ecas;1
16o3;1
6o3s;1
o3sx;1
3sxe;1
sxek;1
xekd;1
ekd3;1
kd3h;1
d3hq;1
3hq9;1
hq91;1
q91i;1
91iu;1
1iuc;1
iucq;1
ucqu;1
cqua;1
qua1;1
ua14;1
a142;1
142p;1
42pv;1
2pvk;1
geo6;1
eo6g;1
o6g6;1
6g6s;1
g6sm;1
6smw;1
smwi;1
mwi8;1
duad;-1
uadm;-1
admi;-1
dmis;-1
miss;0
ssio;-0,333333333333333
ons2;-1
ns20;-1
s201;-1
rubi;-1
wces;1
cest;1
ests;1
stsk;1
tsky;1
skyu;1
kyuq;1
yuqg;1
uqgc;1
qgcc;1
gccn;1
ccng;1
cngs;1
ghto;1
htof;1
toff;1
offr;1
ffre;1
reea;1
eean;1
ndth;1
heir;1
eirt;1
irty;1
rtyr;1
tyra;1
yran;1
rann;1
nfor;-1
orma;-1
bene;1
enef;1
nefi;1
efit;1
fitn;1
itna;1
tnar;1
narr;1
arro;1
rrow;1
rowt;1
owto;1
wtow;1
wers;1
ersl;1
rsli;1
slip;1
liph;1
ipha;1
phab;1
habi;1
ulik;-1
lika;-1
ika-;-1
ka-r;-1
a-ro;-1
-rov;-1
ovin;-1
bagn;-1
agno;-1
gnoi;-1
noit;-1
tmor;1
movi;-1
ovie;-1
vies;-1
ieso;-1
eson;-1
sonl;-1
inki;-1
nkin;-1
king;-1
ngsl;-1
limm;-1
imme;-1
nues;-1
estr;-1
stro;-1
trob;-1
robl;-1
oblo;-1
logd;-1
ogde;-1
gde5;-1
de5p;-1
e5pr;-1
5pri;-1
prim;-1
rima;-1
imar;-1
ria.;-1
ia.w;-1
a.wo;-1
mama;-1
amam;-1
mami;-1
grm3;1
rm39;1
m39m;1
39m3;1
9m39;1
m39l;1
39l2;1
9l28;1
l28e;1
28eu;1
8eud;1
eudw;1
udwa;1
dwax;1
waxc;1
axcv;1
xcvk;1
cvkz;1
vkzg;1
kzgs;1
zgsa;1
gsa4;1
sa47;1
a47m;1
47mr;1
7mrd;1
mrdy;1
rdyb;1
dybw;1
ybwh;1
bwht;1
whtc;1
oute;1
uter;1
tert;1
erts;1
rtsu;1
tsur;1
acem;1
cemi;1
emis;1
vorn;-1
ykfv;1
kfvn;1
fvnw;1
vnwj;1
nwjm;1
wjmk;1
jmku;1
geby;1
ebyi;1
byij;1
yije;1
ijel;1
jelf;1
elfx;1
lfxb;1
fxbq;1
xbqd;1
bqda;1
qdau;1
daun;1
aunz;1
unzd;1
nzdx;1
zdxx;1
dxxl;1
xxlz;1
xlzv;1
1vm4;1
vm44;1
m442;1
4426;1
4261;1
2615;1
615p;1
15ps;1
5psv;1
psvw;1
svw1;1
vw16;1
w16i;1
16iv;1
6ivh;1
ivh9;1
vh96;1
h963;1
963e;1
63em;1
3emj;1
emjo;1
toan;-1
oanc;-1
anca;-1
ncan;-1
canh;-1
anhs;-1
nhsu;-1
hsuk;-1
suki;-1
ukie;-1
s2gy;1
2gyk;1
gyki;1
yki8;1
ki8a;1
i8as;1
8asi;1
asi8;1
pani;-1
anin;-1
nini;-1
inic;-1
nico;-1
icom;-1
comi;-1
gzaw;1
zawj;1
awjt;1
wjtn;1
jtnz;1
tnzp;1
nzp3;1
zp32;1
32b1;1
2b18;1
b18l;1
18lr;1
8lrg;1
lrgt;1
rgtc;1
gtcz;1
tcza;1
czaq;1
zaqe;1
aqe2;1
qe21;1
e21e;1
21er;1
1erm;1
ermz;1
rmzc;1
mzc2;1
zc29;1
c29n;1
29n1;1
9n10;1
n10l;1
10l5;1
uvfk;1
vfkx;1
fkxk;1
kxki;1
xkir;1
kirl;1
irls;1
rlsv;1
lsvx;1
svxg;1
vxgs;1
xgsb;1
gsbb;1
sbbj;1
bbjg;1
bjgd;1
jgdu;1
kazr;1
azrk;1
zrkk;1
rkkp;1
kkpo;1
kpoc;1
poct;1
octl;1
tlrw;1
lrwo;1
rwos;1
wosk;1
astr;-1
trol;-1
rolo;-1
logy;-1
ogy.;-1
gy.c;-1
cnwo;-1
nwor;-1
l18l;1
18l3;1
8l38;1
l38f;1
38f3;1
8f32;1
f32k;1
32kz;1
2kzb;1
kzbz;1
zbze;1
bze1;1
ze11;1
e11g;1
11gt;1
1gte;1
gteq;1
teqb;1
eqbu;1
qbuc;1
bucx;1
ucxi;1
cxi1;1
xi15;1
i15f;1
15fq;1
5fqc;1
fqcw;1
qcwa;1
cwaq;1
waqi;1
aqix;1
qixe;1
ixe2;1
some;-1
omer;-1
mers;-1
erse;-1
rset;-1
sets;-1
etsi;-1
tsil;-1
silv;-1
ilve;-1
verp;-1
erpa;-1
rpal;-1
palm;-1
xxxv;-1
xxvi;-1
xvid;-1
iden;-1
dene;-1
enev;-1
k2ho;-1
2hos;-1
ost.;-1
st.c;-1
0mci;1
mci8;1
ci86;1
i86s;1
86su;1
6suc;1
uciw;1
owds;1
wdsw;1
dswe;1
ecip;-1
cipe;-1
ipet;-1
etip;-1
kymc;-1
anae;-1
naex;-1
aexp;-1
expe;-1
xper;-1
doka;-1
okag;-1
kage;-1
agex;-1
gexy;-1
exyr;-1
xyru;-1
time;-1
imec;-1
meca;-1
ecam;-1
veoo;-1
hnia;-1
nian;-1
ovel;-1
vely;-1
elyc;-1
lych;-1
ycha;-1
chal;-1
llen;-1
leng;0
enge;-1
nge.;-1
ge.b;-1
e.bl;-1
mhah;1
hahw;1
ahwh;1
hwhe;1
whew;1
hewp;1
kjop;1
jopm;1
opmm;1
pmmv;1
mmvq;1
mvqq;1
vqqh;1
qqhl;1
5859;1
8598;1
598a;1
98a1;1
8a17;1
a172;1
172c;1
72cc;1
2cc5;1
2se4;1
se4e;1
e4e0;1
4e0y;1
e0yo;1
0yoq;1
yoq0;1
oq02;1
l9pc;1
9pc6;1
pc6p;1
c6pq;1
6pqc;1
pqci;1
qciz;1
ciz7;1
iz7g;1
z7g1;1
7g10;1
g104;1
quis;-1
uism;-1
fq.e;-1
q.ed;-1
gole;-1
fupt;1
uptu;1
ptug;1
tugf;1
eraw;-1
rawc;-1
awch;-1
wche;-1
adex;-1
dexp;-1
lyry;1
yryv;1
ryve;1
xafl;1
aflh;1
flhd;1
lhdb;1
hdbx;1
dbxh;1
bxhl;1
xhly;1
hlyt;1
lytc;1
ytcy;1
tcye;1
cyej;1
yejn;1
ejno;1
jnom;1
tctg;1
ctga;1
tgaf;1
gafr;1
afrh;1
frhp;1
rhpn;1
hpnw;1
pnwr;1
nwra;1
hhma;1
hman;1
mana;1
anas;1
nass;1
assh;1
vere;-1
ereh;-1
rehe;-1
phhm;1
hhmw;1
hmwq;1
mwqh;1
wqhr;1
qhrp;1
kgbr;1
gbri;1
ritk;1
itkm;1
tkmw;1
kmwp;1
mwpo;1
wpoh;1
pohh;1
ohhg;1
hhgk;1
hgk.;1
gk.c;1
ybat;-1
rhym;-1
hyme;-1
ymes;-1
mes.;-1
es.o;-1
s.or;-1
tzbv;1
zbvn;1
bvnu;1
vnus;1
nusy;1
usyp;1
myto;-1
ytop;-1
topp;-1
oppr;-1
ppro;-1
krsa;-1
rsad;-1
sadd;-1
addl;-1
ddle;-1
dles;-1
lesh;-1
esho;-1
hite;-1
itec;-1
echv;-1
chvi;-1
hvid;-1
deop;-1
eopr;-1
untm;-1
ntma;-1
antr;-1
ejy8;1
jy8e;1
y8e0;1
8e0m;1
e0mv;1
0mvq;1
mvq4;1
vq4y;1
q4yv;1
4yvm;1
yvmd;1
vmd5;1
md5p;1
d5p1;1
5p1t;1
p1tg;1
1tg8;1
tg8a;1
g8av;1
8avy;1
avy.;1
vy.d;1
y.dd;1
orjn;1
rjnd;1
jndy;1
ndyr;1
dyrg;1
yrgo;1
rgon;1
gonb;1
onbj;1
icl-;-1
cl-l;-1
l-lo;-1
-log;-1
gist;-1
gsmo;1
btco;-1
cora;-1
orac;-1
racl;-1
comm;1
omme;1
merc;0
rcet;1
ceto;1
etoh;1
tohe;1
oheh;1
ehei;1
einj;1
inju;1
njur;1
sj1r;1
j1rs;1
1rsf;1
rsfc;1
sfch;1
fchk;1
chk6;1
hk6k;1
k6kt;1
6ktm;1
ktm8;1
tm8g;1
m8g.;1
8g.d;1
g.dd;1
pert;-1
erto;-1
rtof;-1
tofi;-1
ofin;-1
inan;-1
nanc;-1
anci;-1
ncie;-1
cier;-1
oisi;-1
isix;-1
six.;-1
ix.c;-1
uzof;1
zofu;1
ofue;1
fueq;1
ueqe;1
eqeu;1
y9p3;1
9p3z;1
p3zr;1
3zr1;1
zr1i;1
r1ig;1
1ig1;1
ig1l;1
g1lb;1
1lbo;1
lbor;1
bory;1
ory5;1
ry5b;1
y5bu;1
5buh;1
buhp;1
uhp6;1
hp6t;1
p6t3;1
6t3c;1
dfzs;1
fzsr;1
zsrr;1
srrp;1
rrpx;1
rpxt;1
pxtf;1
k57e;1
57e5;1
7e51;1
e51h;1
51hx;1
1hxb;1
hxbz;1
xbze;1
bzex;1
zexk;1
exkt;1
xktd;1
ktdv;1
tdvd;1
dvd4;1
vd40;1
d40f;1
40f6;1
0f62;1
f62f;1
62f2;1
2f22;1
f22l;1
l68c;1
68c6;1
8c69;1
c69f;1
69f1;1
9f12;1
f12l;1
12lv;1
2lvh;1
lvhw;1
vhwc;1
hwc4;1
drug;-1
rugs;-1
ugsm;-1
gsma;-1
olym;-1
lymp;-1
ympi;-1
mpic;-1
pica;-1
ica.;-1
ca.c;-1
vbd6;1
msa0;1
sa02;1
a028;1
028i;1
28io;1
8ioa;1
ioao;1
oaom;1
kpyx;1
pyxr;1
yxrr;1
xrrn;1
rrno;1
rnoz;1
8cd6;1
cd6d;1
d6d2;1
6d27;1
d272;1
2723;1
723d;1
23dc;1
3dc8;1
sen5;1
ycld;1
clde;1
ldey;1
deyv;1
eyvy;1
mail;-1
ails;-1
ilsp;-1
spam;-1
pamp;-1
ampr;-1
mpro;-1
prot;-1
rote;-1
otec;-1
tect;-1
apro;-1
omar;-1
mar.;-1
ar.c;-1
r.co;-1
zukh;-1
ukhr;-1
khro;-1
hrof;-1
rofr;-1
frea;-1
real;-1
eale;-1
ales;-1
lest;-1
xojz;1
ojzk;1
jzku;1
zkuo;1
kuos;1
uosu;1
osul;1
trav;-1
rave;-1
avel;-1
velb;-1
elbo;-1
lboo;-1
ooks;-1
oksf;-1
ksfo;-1
sfoo;-1
cute;-1
utea;-1
teaw;-1
eawe;-1
awes;-1
weso;-1
esom;-1
civi;1
ivil;1
vilt;1
ilth;1
lthe;1
irth;1
einc;1
inco;1
ncon;1
onsa;1
nsan;1
sang;1
ngui;1
guin;1
uini;1
gzja;1
zjah;1
jahe;1
jcgs;1
cgsg;1
gsgl;1
sglw;1
glwv;1
lwvn;1
wvnx;1
vnxl;1
nxlc;1
xlca;1
lcaj;1
cajn;1
ajnb;1
jnbu;1
nbuc;1
bucg;1
ca0q;1
0q4y;1
q4yk;1
4yki;1
yki4;1
ki42;1
i428;1
igac;1
gacq;1
acq8;1
cq8e;1
q8e4;1
8e42;1
e42c;1
42ci;1
dgbq;1
gbqi;1
qius;1
iusd;1
usdi;1
sdij;1
dijf;1
ijfx;1
jfxw;1
fxwr;1
prof;-1
rofe;-1
ofes;-1
fess;-1
nalp;-1
alpe;-1
lpet;-1
pets;-1
tsit;-1
sitt;-1
itte;-1
mega;-1
ega-;-1
netv;-1
etva;-1
tval;-1
valu;-1
alue;-1
cube;1
ubei;1
beit;1
eiti;1
w0uv;1
0uvm;1
uvm6;1
vm6w;1
m6w2;1
6w2g;1
w2g2;1
2g27;1
g27j;1
27jm;1
7jmd;1
jmdw;1
mdwb;1
dwbc;1
wbcb;1
bcbm;1
cbmh;1
bmha;1
mhad;1
hady;1
ady.;1
dy.d;1
alma;-1
lmav;-1
mavi;-1
aviv;-1
soft;-1
oft1;-1
ft11;-1
ansa;-1
nsai;-1
saik;-1
aiku;-1
ikur;-1
kuro;-1
urop;-1
rope;-1
pedi;-1
inds;1
ndsh;1
dsha;1
shal;1
alla;1
llar;1
larg;1
argu;1
rgue;1
guer;1
uere;1
entg;1
ntgi;1
tgiv;1
give;1
ives;1
vesu;1
esur;1
urpr;1
rpri;1
pris;1
otoi;-1
toin;-1
oind;-1
indu;-1
ndus;-1
dust;-1
ustr;-1
stri;-1
tria;-1
zqpi;1
qpie;1
piea;1
ieab;1
eabj;1
abjt;1
bjts;1
smal;-1
mall;-1
llce;-1
lcel;-1
cell;-1
ellf;-1
llfo;-1
lfor;-1
4q06;1
q06g;1
06g6;1
6g6g;1
g6g2;1
6g20;1
g20y;1
20yg;1
zfrp;1
frpe;1
rpes;1
pest;1
anym;1
nymo;1
ymor;1
trai;0
aini;0
inin;0
ning;1
ingm;1
ngma;1
gmar;1
marc;1
rchw;1
chwe;1
hwea;1
erar;1
rarm;1
armp;1
rmpl;1
mpla;1
plac;1
ampb;-1
mpbo;-1
pbow;-1
boww;-1
owwo;-1
hwrm;1
wrmr;1
rmrn;1
mrns;1
rnsp;1
estd;1
stdi;1
tdis;1
scov;1
cove;1
rboa;1
boat;1
oatc;1
atca;1
tcar;0
petn;1
etne;1
tnet;1
fkbf;1
kbfv;1
bfvr;1
fvru;1
vrux;1
jnxa;1
nxax;1
xaxy;1
axyi;1
xyio;1
yioc;1
iocw;1
ocwh;1
cwhf;1
less;-1
esse;-1
ssei;-1
seig;-1
eign;-1
igne;-1
gneu;-1
neur;-1
apkf;-1
pkfo;-1
kfor;-1
fork;-1
orki;-1
rkin;-1
kind;-1
indl;-1
ybsk;-1
bski;-1
ling;-1
ingu;-1
guas;-1
uaso;-1
asor;-1
chat;-1
hatr;-1
atro;-1
trou;-1
roul;-1
oule;-1
ulet;-1
lett;-1
est-;-1
st-m;-1
t-mi;-1
-mir;-1
aov3;1
than;0
hank;-1
anky;-1
nkyo;-1
kyou;-1
youm;-1
oume;-1
umes;-1
mess;-1
essa;-1
ssag;-1
sage;-1
gesf;-1
esfo;-1
fory;-1
ou.b;-1
u.bl;-1
egao;-1
gaon;-1
inet;-1
etv.;-1
tv.n;-1
v.na;-1
.nar;-1
naro;-1
vadt;-1
adta;-1
dtal;-1
talm;-1
lman;-1
hwqa;1
wqap;1
qapr;1
aprw;1
prws;1
rwsa;1
simm;-1
imma;-1
mmak;-1
aker;-1
bkth;1
lysy;1
ysyn;1
synu;1
lord;-1
ocua;1
cuaa;1
uaam;1
aamu;1
amui;1
muiu;1
uiuq;1
iuqw;1
uqwm;1
qwmw;1
wmwk;1
mwks;1
rtin;-1
ngli;-1
glif;-1
imga;-1
mgar;-1
gart;-1
eadi;-1
goji;-1
oji-;-1
ji-c;-1
i-cr;-1
1t7q;1
t7q7;1
7q77;1
q775;1
7751;1
7510;1
510r;1
10rv;1
0rvf;1
rvf6;1
vf6q;1
f6q1;1
6q14;1
14ss;1
4ssh;1
sshx;1
shxs;1
hxs3;1
xs3i;1
s3ij;1
3ijl;1
ijlk;1
cana;-1
nadi;-1
adia;-1
dian;-1
ianm;-1
anmo;-1
nmom;-1
momr;-1
omre;-1
mrev;-1
revi;-1
evie;-1
view;-1
hitl;-1
nwhe;1
whet;1
heth;1
qb52;-1
b520;-1
txmo;1
xmoe;1
moes;1
oest;1
herm;-1
rmom;-1
mome;-1
omet;-1
mete;-1
ters;-1
rspe;-1
spec;-1
peci;-1
ecia;-1
cial;-1
iali;-1
alis;-1
ist.;-1
fema;-1
andj;-1
ndjo;-1
pury;1
uryc;1
ryca;1
tana;-1
anam;-1
nams;-1
amse;-1
msen;-1
send;-1
endi;-1
ndir;-1
1ffy;1
ffy8;1
fy8f;1
y8f7;1
8f72;1
f723;1
723g;1
23gr;1
3grc;1
grcc;1
rccr;1
ccrc;1
crcs;1
rcst;1
cstc;1
stcb;1
tcb1;1
cb1u;1
b1ux;1
1uxi;1
uxim;1
ximw;1
oovs;1
ovsc;1
vscc;1
sccu;1
ccuc;1
cucd;1
ucdq;1
cdqj;1
hvdo;1
vdop;1
dopp;1
opph;1
pphe;1
phed;1
1lwu;1
lwum;1
wumv;1
umv9;1
mv91;1
v91y;1
91y6;1
y6j7;1
6j7d;1
j7dw;1
7dw1;1
dw1k;1
w1kz;1
1kz5;1
kz5r;1
z5r6;1
5r68;1
r681;1
6813;1
813a;1
13a5;1
3a51;1
a51n;1
2cew;1
cewm;1
ewmk;1
wmku;1
mku0;1
ku0i;1
u0i4;1
0i4i;1
e970;1
9706;1
7064;1
064f;1
64f1;1
4f15;1
f158;1
1588;1
588b;1
advo;-1
dvog;-1
voga;-1
ogad;-1
gado;-1
jvwe;1
vwet;1
wets;1
etsa;1
ys24;1
s24m;1
24mk;1
4mki;1
mkic;1
kic2;1
ic2w;1
c2we;1
arof;-1
rofm;-1
ofmy;-1
fmys;-1
myso;-1
ysor;-1
stbu;-1
tbus;-1
ssca;-1
scar;-1
card;-1
baby;-1
abys;-1
bysh;-1
kwto;1
wtoe;1
toes;1
va5k;1
a5k2;1
5k28;1
k28v;1
28vs;1
8vsn;1
vsnb;1
snbg;1
nbgy;1
bgy1;1
gy1a;1
y1as;1
hair;-1
airy;-1
iryp;-1
rypu;-1
ypus;-1
puss;-1
ussy;-1
ssyc;-1
sycu;-1
ycut;-1
cuti;-1
utie;-1
anic;-1
nice;-1
iceh;-1
ehar;-1
poda;-1
odag;-1
dagr;-1
agra;-1
gra-;-1
ra-z;-1
a-zl;-1
nypi;1
tips;-1
ipso;-1
pson;-1
sont;-1
ontr;-1
ntri;-1
rick;-1
eopa;-1
opas;-1
a8rl;1
1qmw;1
ksie;-1
sieg;-1
iego;-1
egow;-1
gowo;-1
owos;-1
wosc;-1
oscs;-1
scsp;-1
cspo;-1
spol;-1
polk;-1
uzp.;-1
zp.g;-1
p.go;-1
outc;-1
utca;-1
arey;-1
reyo;-1
eyou;-1
ourc;-1
urco;-1
rcom;-1
ompe;-1
mpet;-1
afri;-1
frib;-1
riba;-1
ibab;-1
qosc;1
osce;1
scey;1
ceyg;1
eyge;1
ygee;1
geey;1
eeyy;1
eyyh;1
yyhf;1
yhfq;1
hfqd;1
fqdy;1
qdyj;1
dyjb;1
yjbu;1
jbuo;1
buok;1
uokn;1
oknt;1
kntm;1
ntmz;1
tmzz;1
mzzp;1
zzpx;1
qmqr;1
mqrq;1
qrqa;1
rqae;1
qaem;1
aemn;1
ctho;-1
thou;-1
use.;-1
se.c;-1
lvct;1
vctm;1
ctmu;1
tmus;1
musx;1
usxc;1
sxcy;1
pesn;-1
esni;-1
sni-;-1
ni-o;-1
i-on;-1
-onl;-1
nqpx;1
qpxe;1
pxeo;1
xeov;1
eovf;1
ovfi;1
vfib;1
fibf;1
ibfh;1
dewu;1
ewup;1
wuph;1
faye;-1
ayen;-1
ance;-1
ativ;0
ivek;-1
veki;-1
ekin;-1
ingd;-1
ngdo;-1
gdom;-1
eknr;1
knrm;1
nrmv;1
rmvj;1
mvjv;1
vjvp;1
jvps;1
vpsr;1
psrj;1
srju;1
rjuy;1
juyh;1
uyhq;1
yhqp;1
hqpv;1
urdu;-1
rduf;-1
dufo;-1
ufor;-1
fore;-1
orex;-1
rext;-1
extr;-1
xtra;-1
actn;1
ctnm;1
tnms;1
nmse;1
msee;1
seeb;1
Mlso;1
lso8;1
so8A;1
o8Ac;1
8Ac5;1
Ac5L;1
evin;1
ince;1
nces;1
toof;1
oofn;1
ofna;1
fnat;1
ivet;1
veth;1
wlch;1
lchm;1
chmn;1
hmns;1
mnsu;1
nsux;1
calc;-1
alci;-1
lcio;-1
ciom;-1
iome;-1
rcat;-1
ania;-1
niap;-1
iapt;-1
apte;-1
ptek;-1
givi;-1
ivi.;-1
vi.c;-1
ocqa;1
cqag;1
qagu;1
agus;1
gusu;1
usuo;1
suou;1
uoua;1
ouaq;1
uaqo;1
aqok;1
qoko;1
wow-;-1
ow-a;-1
w-ai;-1
mira;-1
iram;-1
ramo;-1
amon;-1
mont;-1
ontl;-1
ntli;-1
ifes;-1
fest;-1
esty;-1
cigi;1
igio;1
gioc;1
iocs;1
ocsm;1
csmm;1
smmi;1
mmim;1
mimw;1
imwu;1
mwuw;1
wuwg;1
vkmk;1
kmkp;1
mkpc;1
kpcu;1
pcux;1
cuxz;1
voce;-1
ocea;-1
ceap;-1
eapr;-1
apre;-1
pren;-1
rend;-1
ende;-1
ndea;-1
deag;-1
agor;-1
yekg;-1
ekgh;-1
kgha;-1
ghad;-1
hada;-1
adam;-1
muse;-1
useu;-1
seum;-1
eumo;-1
umof;-1
mofl;-1
oflo;-1
flon;-1
lond;-1
ondo;-1
don.;-1
on.o;-1
n.or;-1
desc;1
escr;1
crib;1
ribe;1
ibed;1
bedu;1
edus;1
duse;1
user;1
erin;1
rint;1
ernt;1
7p7h;1
p7he;1
7hef;1
hef1;1
ef12;1
f123;1
123p;1
23p1;1
3p18;1
p18q;1
18q4;1
8q4w;1
q4wj;1
4wjw;1
wjw8;1
jw8y;1
w8y.;1
8y.d;1
gtyv;1
tyvd;1
yvdr;1
vdrv;1
pumy;1
umyp;1
mypo;1
fric;-1
atim;-1
uips;-1
ipse;-1
pser;-1
stdn;1
tdna;1
dnam;1
name;1
amel;1
mele;1
elen;1
engt;1
ngth;1
gtha;1
bush;-1
ushc;-1
shcr;-1
hcra;-1
craf;-1
raft;-1
aftu;-1
